Workbook
Name StartDate: '[1]Title + setup'!$C$8
Name Today: '[1]Action Plan'!$I$2

Sheet Sheet1
A1: HAWB | B1: Docs rcv | C1: 입항보고 | D1: 수입신고 | E1: 수입신고수리 | F1: KPI | G1: Delay Code
A2: 4052648595 | B2: 45404 | C2: 45405.124 | D2: 45405.343 | E2: 45405.385 | F2: =E2-C2 -> 0.26107639
A3: 4052648590 | B3: 45404 | C3: 45405.124 | D3: 45405.349 | E3: 45405.39 | F3: =E3-C3 -> 0.26695602
A4: 4052648602 | B4: 45404 | C4: 45405.422 | D4: 45405.355 | E4: 45405.372 | F4: 00/00:00
A5: 4052648600 | B5: 45404 | C5: 45405.422 | D5: 45405.478 | E5: 45405.664 | F5: =E5-C5 -> 0.24252315
A6: 4397243251 | B6: 45404 | C6: 45405.79 | D6: 45405.786 | E6: 45405.827 | F6: =E6-C6 -> 0.037291667
A7: 4397243252 | B7: 45404 | C7: 45405.79 | D7: 45405.79 | E7: 45405.831 | F7: =E7-C7 -> 0.041377315
A8: 4052648892 | B8: 45406 | C8: 45406.424 | D8: 45406.348 | E8: 45406.373 | F8: 00/00:00
A9: 4120772144 | B9: 45405 | C9: 45406.735 | D9: 45406.585 | E9: 45406.637 | F9: 00/00:00
A10: 4812655987 | B10: 45405 | C10: 45406.814 | D10: 45406.785 | E10: 45406.79 | F10: 00/00:00
A11: 4812657706 | B11: 45405 | C11: 45406.814 | D11: 45406.791 | E11: 45406.828 | F11: =E11-C11 -> 0.014085648
A12: 4812657767 | B12: 45405 | C12: 45406.814 | D12: 45406.831 | E12: 45406.944 | F12: =E12-C12 -> 0.12979167
A13: 4812657717 | B13: 45406 | C13: 45406.814 | D13: 45406.835 | E13: 45406.941 | F13: =E13-C13 -> 0.12684028
A14: 4812657778 | B14: 45405 | C14: 45406.814 | D14: 45406.839 | E14: 45406.938 | F14: =E14-C14 -> 0.12337963
A15: 4812657769 | B15: 45405 | C15: 45406.814 | D15: 45406.85 | E15: 45406.94 | F15: =E15-C15 -> 0.12584491
A16: 4812657435 | B16: 45406 | C16: 45407.463 | D16: 45407.44 | E16: 45407.459 | F16: 00/00:00
A17: 4812657031 | B17: 45406 | C17: 45407.463 | D17: 45407.453 | E17: 45407.494 | F17: =E17-C17 -> 0.031689815
A18: 4812657512 | B18: 45406 | C18: 45407.463 | D18: 45407.445 | E18: 45407.488 | F18: =E18-C18 -> 0.024895833
A19: 4052648950 | B19: 45406 | C19: 45407.503 | D19: 45407.553 | E19: 45407.747 | F19: =E19-C19 -> 0.24395833
A20: 45N0005289 | B20: 45406 | C20: 45407.593 | D20: 45407.556 | E20: 45407.598 | F20: =E20-C20 -> 0.0052662037
A21: 4397243254 | B21: 45406 | C21: 45407.593 | D21: 45407.56 | E21: 45407.602 | F21: =E21-C21 -> 0.0088657407
A22: 4052648594 | B22: 45406 | C22: 45407.747 | D22: 45407.562 | E22: 45407.604 | F22: 00/00:00
A23: 4052648894 | B23: 45406 | C23: 45407.747 | D23: 45407.564 | E23: 45407.606 | F23: 00/00:00
A24: 4812657779 | B24: 45405 | C24: 45406.814 | D24: 45407.632 | E24: 45407.645 | F24: =E24-C24 -> 0.83065972
A25: 11252952 | B25: 45407 | C25: 45407.706 | D25: 45407.706 | E25: 45407.748 | F25: =E25-C25 -> 0.041631944
A26: 11252869 | B26: 45407 | C26: 45407.706 | D26: 45408.32 | E26: 45408.362 | F26: =E26-C26 -> 0.65540509
A27: 11252951 | B27: 45407 | C27: 45407.706 | D27: 45408.321 | E27: 45408.363 | F27: =E27-C27 -> 0.6566088
A28: 11252956 | B28: 45407 | C28: 45407.706 | D28: 45408.322 | E28: 45408.364 | F28: =E28-C28 -> 0.65743056
A29: 11252959 | B29: 45407 | C29: 45407.706 | D29: 45408.323 | E29: 45408.365 | F29: =E29-C29 -> 0.65836806
A30: 11252961 | B30: 45407 | C30: 45407.706 | D30: 45408.323 | E30: 45408.365 | F30: =E30-C30 -> 0.65907407
A31: 11252966 | B31: 45407 | C31: 45407.706 | D31: 45408.324 | E31: 45408.366 | F31: =E31-C31 -> 0.65978009
A32: 4812661170 | B32: 45407 | C32: 45407.835 | D32: 45408.334 | E32: 45408.376 | F32: =E32-C32 -> 0.5405787
A33: 4812657111 | B33: 45407 | C33: 45407.835 | D33: 45408.335 | E33: 45408.377 | F33: =E33-C33 -> 0.54211806
A34: 4812657628 | B34: 45407 | C34: 45408.161 | D34: 45408.401 | E34: 45408.454 | F34: =E34-C34 -> 0.29361111
A35: 4052649298 | B35: 45407 | C35: 45408.456 | D35: 45408.43 | E35: 45408.457 | F35: =E35-C35 -> 0.001099537
A36: 4052649225 | B36: 45407 | C36: 45408.456 | D36: 45408.434 | E36: 45408.454 | F36: 00/00:00
A37: 4052649126 | B37: 45407 | C37: 45408.456 | D37: 45408.439 | E37: 45408.469 | F37: =E37-C37 -> 0.012800926
A38: 11253392 | B38: 45408 | C38: 45408.795 | D38: 45408.764 | E38: 45408.777 | F38: 00/00:00
A39: 11253420 | B39: 45408 | C39: 45408.795 | D39: 45408.765 | E39: 45408.777 | F39: 00/00:00
A40: 11253310 | B40: 45408 | C40: 45408.795 | D40: 45408.768 | E40: 45408.778 | F40: 00/00:00
A41: 4812657119 | B41: 45408 | C41: 45408.839 | D41: 45408.837 | E41: 45408.847 | F41: =E41-C41 -> 0.0072106482
A42: 4812657832 | B42: 45410 | C42: 45411.466 | D42: 45411.405 | E42: 45411.436 | F42: 00/00:00
A43: 11252845 | B43: 45409 | C43: 45410.251 | D43: 45411.427 | E43: 45411.47 | F43: =E43-C43 -> 1.218044
A44: 11252897 | B44: 45408 | C44: 45408.795 | D44: 45411.431 | E44: 45411.473 | F44: =E44-C44 -> 2.6780093
A45: 11253966 | B45: 45409 | C45: 45409.752 | D45: 45411.433 | E45: 45411.475 | F45: =E45-C45 -> 1.7234491
A46: 11253962 | B46: 45409 | C46: 45409.752 | D46: 45411.435 | E46: 45411.477 | F46: =E46-C46 -> 1.7249537
A47: 11253958 | B47: 45409 | C47: 45409.752 | D47: 45411.436 | E47: 45411.478 | F47: =E47-C47 -> 1.7262269
A48: 11254026 | B48: 45409 | C48: 45410.46 | D48: 45411.445 | E48: 45411.487 | F48: =E48-C48 -> 1.0272222
A49: 1369291755 | B49: 45411 | C49: 45412.841 | D49: 45412.808 | E49: 45412.85 | F49: =E49-C49 -> 0.0080787037
A50: 2066142713 | B50: 45411 | C50: 45412.842 | D50: 45412.808 | E50: 45412.85 | F50: =E50-C50 -> 0.0081597222
A51: 2066144975 | B51: 45411 | C51: 45412.842 | D51: 45412.808 | E51: 45412.85 | F51: =E51-C51 -> 0.0081597222
A52: 3065297874 | B52: 45411 | C52: 45412.727 | D52: 45412.811 | E52: 45412.905 | F52: =E52-C52 -> 0.17826389
A53: 4734086512 | B53: 45411 | C53: 45412.841 | D53: 45412.803 | E53: 45412.82 | F53: 00/00:00
A54: 1Z8459V56730425931 | B54: 45411 | C54: 45410.469 | D54: 45411.57 | E54: 45411.612 | F54: =E54-C54 -> 1.1425694
A55: 11253437 | B55: 45408 | C55: 45408.795 | D55: 45411.591 | E55: 45411.633 | F55: =E55-C55 -> 2.8379282
A56: 11252877 | B56: 45407 | C56: 45408.456 | D56: 45411.644 | E56: 45411.686 | F56: =E56-C56 -> 3.2302083
A57: 1Z46W13Y6798274366 | B57: 45411 | C57: 45410.469 | D57: 45411.738 | E57: 45411.843 | F57: =E57-C57 -> 1.3738079
A58: 11252885 | B58: 45407 | C58: 45407.706 | D58: 45411.726 | E58: 45411.771 | F58: =E58-C58 -> 4.0644907
A59: 4230740407 | B59: 45407 | C59: 45408.721 | D59: 45411.853 | E59: 45411.895 | F59: =E59-C59 -> 3.1739699
A60: 4052649926 | B60: 45411 | C60: 45412.158 | D60: 45412.337 | E60: 45412.356 | F60: =E60-C60 -> 0.1975463
A61: 4052649924 | B61: 45411 | C61: 45412.158 | D61: 45412.343 | E61: 45412.357 | F61: =E61-C61 -> 0.19918981
A62: 4052649923 | B62: 45411 | C62: 45412.158 | D62: 45412.347 | E62: 45412.389 | F62: =E62-C62 -> 0.23072917
A63: 4052649917 | B63: 45411 | C63: 45412.158 | D63: 45412.358 | E63: 45412.38 | F63: =E63-C63 -> 0.22215278
A64: 2882432420 | B64: 45411 | C64: 45412.305 | D64: 45412.371 | E64: 45412.413 | F64: =E64-C64 -> 0.10788194
A65: 4013432345 | B65: 45411 | C65: 45412.305 | D65: 45412.377 | E65: 45412.42 | F65: =E65-C65 -> 0.114375
... A101: 5612159652 | B101: 45412 | C101: 45412.173 | D101: 45412.753 | E101: 45412.858 | F101: =E101-C101 -> 0.68554398
A102: 5404773743 | B102: 45412 | C102: 45413.039 | D102: 45412.85 | E102: 45412.892 | F102: 00/00:00
A103: 4812657847 | B103: 45412 | C103: 45412.83 | D103: 45413.402 | E103: 45413.444 | F103: =E103-C103 -> 0.61388889
A104: 4812661430 | B104: 45412 | C104: 45412.83 | D104: 45413.401 | E104: 45413.443 | F104: =E104-C104 -> 0.6131713
A105: 6801872571 | B105: 45412 | C105: 45413.039 | D105: 45412.829 | E105: 45412.871 | F105: 00/00:00
A106: 3011468272 | B106: 45412 | C106: 45413.039 | D106: 45412.848 | E106: 45412.934 | F106: 00/00:00
A107: 8359471422 | B107: 45412 | C107: 45413.039 | D107: 45412.855 | E107: 45412.897 | F107: 00/00:00
A108: 7106835945 | B108: 45412 | C108: 45413.039 | D108: 45412.866 | E108: 45412.908 | F108: 00/00:00
A109: 5509788196 | B109: 45412 | C109: 45413.039 | D109: 45412.871 | E109: 45412.913 | F109: 00/00:00
A110: 4812657839 | B110: 45412 | C110: 45412.83 | D110: 45413.368 | E110: 45413.41 | F110: =E110-C110 -> 0.57974537
A111: 4812657846 | B111: 45412 | C111: 45412.83 | D111: 45413.372 | E111: 45413.414 | F111: =E111-C111 -> 0.58329861
A112: 4812658076 | B112: 45412 | C112: 45412.83 | D112: 45413.379 | E112: 45413.419 | F112: =E112-C112 -> 0.58855324
A113: 4812658077 | B113: 45412 | C113: 45412.83 | D113: 45413.396 | E113: 45413.405 | F113: =E113-C113 -> 0.57471065
A114: 7775226546 | B114: 45413 | C114: 45413.176 | D114: 45413.488 | E114: 45413.53 | F114: =E114-C114 -> 0.35319444
A115: 1Z049VY50430378158 | B115: 45412 | C115: 45413.31 | D115: 45413.491 | E115: 45413.552 | F115: =E115-C115 -> 0.2421412
A116: 1Z03837Y6721821960 | B116: 45412 | C116: 45414.248 | D116: 45414.642 | E116: 45414.684 | F116: =E116-C116 -> 0.43616898
A117: 1Z8459V40400666393 | B117: 45414 | C117: 45413.31 | D117: 45413.503 | E117: 45413.558 | F117: =E117-C117 -> 0.24756944
A118: 3265559032 | B118: 45413 | C118: 45415.335 | D118: 45415.387 | E118: 45415.429 | F118: =E118-C118 -> 0.094618056
A119: 6225095774 | B119: 45413 | C119: 45413.176 | D119: 45413.589 | E119: 45413.631 | F119: =E119-C119 -> 0.45456019
A120: 4812658259 | B120: 45412 | C120: 45413.763 | D120: 45413.71 | E120: 45413.724 | F120: 00/00:00
A121: 2033716064 | B121: 45413 | C121: 45413.176 | D121: 45413.578 | E121: 45413.62 | F121: =E121-C121 -> 0.44334491
A122: 1Z8459V40415156826 | B122: 45412 | C122: 45413.31 | D122: 45413.581 | E122: 45413.623 | F122: =E122-C122 -> 0.31268519
A123: 6363102815 | B123: 45413 | C123: 45413.176 | D123: 45413.583 | E123: 45413.624 | F123: =E123-C123 -> 0.44810185
A124: 1Z066V7W6733683445 | B124: 45412 | C124: 45414.248 | D124: 45414.372 | E124: 45414.626 | F124: =E124-C124 -> 0.37834491
A125: 1Z066V7W6719404317 | B125: 45412 | C125: 45414.248 | D125: 45414.373 | E125: 45414.623 | F125: =E125-C125 -> 0.37556713
A126: 1Z066V7W6719179697 | B126: 45412 | C126: 45414.248 | D126: 45414.374 | E126: 45414.625 | F126: =E126-C126 -> 0.37717593
A127: 8213575576 | B127: 45413 | C127: 45413.176 | D127: 45413.6 | E127: 45413.642 | F127: =E127-C127 -> 0.46538194
A128: 1Z03ER036706803181 | B128: 45412 | C128: 45414.248 | D128: 45414.377 | E128: 45414.631 | F128: =E128-C128 -> 0.3828588
A129: 6629346684 | B129: 45413 | C129: 45413.176 | D129: 45413.604 | E129: 45413.646 | F129: =E129-C129 -> 0.4693287
A130: 2476430456 | B130: 45413 | C130: 45413.176 | D130: 45413.608 | E130: 45413.65 | F130: =E130-C130 -> 0.47336806
A131: 5095360045 | B131: 45413 | C131: 45413.176 | D131: 45413.617 | E131: 45413.629 | F131: =E131-C131 -> 0.45274306
A132: 4492696261 | B132: 45413 | C132: 45413.176 | D132: 45413.623 | E132: 45413.665 | F132: =E132-C132 -> 0.48859954
... A150: 1Z03ER036703712516 | B150: 45414 | C150: 45413.31 | D150: 45413.745 | E150: 45413.787 | F150: =E150-C150 -> 0.4765162
A151: 4812658236 | B151: 45412 | C151: 45413.763 | D151: 45413.749 | E151: 45413.757 | F151: 00/00:00
A152: 1376587181 | B152: 45413 | C152: 45414.32 | D152: 45414.346 | E152: 45414.388 | F152: =E152-C152 -> 0.067824074
...

Sheet Import KPI raw data
A1: AMAT Month | B1: Required Day | C1: Differ | D1: Gross Met | E1: Delay Reason | F1: Cont/Uncont | G1: Net Met
A2: FY23 Q4M1 | B2: 0.2 | C2: 2.224 | D2: N | E2: declaration prior to arrival | F2: Uncontrollable | G2: Y
A3: FY23 Q4M1 | B3: 0.2 | C3: -0.053 | D3: Y | G3: Y
A4: FY23 Q4M1 | B4: 0.2 | C4: -0.053 | D4: Y | G4: Y
A5: FY23 Q4M1 | B5: 0.2 | C5: -0.058 | D5: Y | G5: Y
A6: FY23 Q4M1 | B6: 0.2 | C6: 0.278 | D6: N | E6: Documents(Pre-alert) Missing | F6: Uncontrollable | G6: Y
A7: FY23 Q4M1 | B7: 0.2 | C7: 1.86 | D7: N | E7: Customs Broker Off-hour | F7: Uncontrollable | G7: Y
A8: FY23 Q4M1 | B8: 0.2 | C8: 0.478 | D8: N | E8: Customs Broker Off-hour | F8: Uncontrollable | G8: Y
A9: FY23 Q4M1 | B9: 0.2 | C9: 0.312 | D9: N | E9: Documents(Pre-alert) Missing | F9: Uncontrollable | G9: Y
A10: FY23 Q4M1 | B10: 0.2 | C10: 0.641 | D10: N | E10: Customs Broker Off-hour | F10: Uncontrollable | G10: Y
A11: FY23 Q4M1 | B11: 0.2 | C11: 0.641 | D11: N | E11: Customs Broker Off-hour | F11: Uncontrollable | G11: Y
A12: FY23 Q4M1 | B12: 0.2 | C12: 1.607 | D12: N | E12: Delayed submission of import cargo manifests | F12: Uncontrollable | G12: Y
A13: FY23 Q4M1 | B13: 0.2 | C13: 0.529 | D13: N | E13: Required special docs or sample by Customs(Radio Waves Act part, Electrical Appliances Safety Control Act part) | F13: Uncontrollable | G13: Y
A14: FY23 Q4M1 | B14: 0.2 | C14: 2.224 | D14: N | E14: Customs Broker Off-hour | F14: Uncontrollable | G14: Y
A15: FY23 Q4M1 | B15: 0.2 | C15: 0.774 | D15: N | E15: Documents(Pre-alert) Missing | F15: Uncontrollable | G15: Y
A16: FY23 Q4M1 | B16: 0.2 | C16: 1.629 | D16: N | E16: Import & Export (Required submitting documents to customs) | F16: Uncontrollable | G16: Y
A17: FY23 Q4M1 | B17: 0.2 | C17: 1.629 | D17: N | E17: Import & Export (Required submitting documents to customs) | F17: Uncontrollable | G17: Y
... A20: FY23 Q4M1 | B20: 0.2 | C20: 0.275 | D20: N | E20: Documents(Pre-alert) Missing | F20: Uncontrollable | G20: Y
A21: FY23 Q4M1 | B21: 0.2 | C21: -0.123 | D21: Y | G21: Y
A22: FY23 Q4M1 | B22: 0.2 | C22: -0.123 | D22: Y | G22: Y
A23: FY23 Q4M1 | B23: 0.2 | C23: -0.123 | D23: Y | G23: Y
A24: FY23 Q4M1 | B24: 0.2 | C24: 0.641 | D24: N | E24: Import & Export (Required submitting documents to customs) | F24: Uncontrollable | G24: Y
A25: FY23 Q4M1 | B25: 0.2 | C25: 0.641 | D25: N | E25: Documents(Pre-alert) Missing | F25: Uncontrollable | G25: Y
A26: FY23 Q4M1 | B26: 0.2 | C26: 0.641 | D26: N | E26: Customs Broker Off-hour | F26: Uncontrollable | G26: Y
A27: FY23 Q4M1 | B27: 0.2 | C27: 0.641 | D27: N | E27: Documents(Pre-alert) Missing | F27: Uncontrollable | G27: Y
A28: FY23 Q4M1 | B28: 0.2 | C28: 0.641 | D28: N | E28: Customs Broker Off-hour | F28: Uncontrollable | G28: Y
A29: FY23 Q4M1 | B29: 0.2 | C29: 0.774 | D29: N | E29: Documents(Pre-alert) Missing | F29: Uncontrollable | G29: Y
A30: FY23 Q4M1 | B30: 0.2 | C30: 3.198 | D30: N | E30: Customs Broker Off-hour | F30: Uncontrollable | G30: Y
A31: FY23 Q4M1 | B31: 0.2 | C31: 1.843 | D31: N | E31: Required special docs or sample by Customs(Radio Waves Act part, Electrical Appliances Safety Control Act part) | F31: Uncontrollable | G31: Y
A32: FY23 Q4M1 | B32: 0.2 | C32: -0.034 | D32: Y | G32: Y
A33: FY23 Q4M1 | B33: 0.2 | C33: 0.298 | D33: N | E33: declaration prior to arrival | F33: Uncontrollable | G33: Y
A34: FY23 Q4M1 | B34: 0.2 | C34: 1.607 | D34: N | E34: declaration prior to arrival | F34: Uncontrollable | G34: Y
A35: FY23 Q4M1 | B35: 0.2 | C35: 1.607 | D35: N | E35: declaration prior to arrival | F35: Uncontrollable | G35: Y
A36: FY23 Q4M1 | B36: 0.2 | C36: 0.309 | D36: N | E36: Documents(Pre-alert) Missing | F36: Uncontrollable | G36: Y
A37: FY23 Q4M1 | B37: 0.2 | C37: -0.144 | D37: Y | G37: Y
A38: FY23 Q4M1 | B38: 0.2 | C38: -0.093 | D38: Y | G38: Y
A39: FY23 Q4M1 | B39: 0.2 | C39: -0.082 | D39: Y | G39: Y
A40: FY23 Q4M1 | B40: 0.2 | C40: 0.756 | D40: N | E40: declaration prior to arrival | F40: Uncontrollable | G40: Y
A41: FY23 Q4M1 | B41: 0.2 | C41: -0.035 | D41: Y | G41: Y
A42: FY23 Q4M1 | B42: 0.2 | C42: -0.071 | D42: Y | G42: Y
A43: FY23 Q4M1 | B43: 0.2 | C43: 0.186 | D43: N | E43: declaration prior to arrival | F43: Uncontrollable | G43: Y
A44: FY23 Q4M1 | B44: 0.2 | C44: 0.118 | D44: N | E44: declaration prior to arrival | F44: Uncontrollable | G44: Y
A45: FY23 Q4M1 | B45: 0.2 | C45: 0.201 | D45: N | E45: declaration prior to arrival | F45: Uncontrollable | G45: Y
A46: FY23 Q4M1 | B46: 0.2 | C46: 0.077 | D46: N | E46: declaration prior to arrival | F46: Uncontrollable | G46: Y
A47: FY23 Q4M1 | B47: 0.2 | C47: 1.03 | D47: N | E47: declaration prior to arrival | F47: Uncontrollable | G47: Y
A48: FY23 Q4M1 | B48: 0.2 | C48: 1.03 | D48: N | E48: declaration prior to arrival | F48: Uncontrollable | G48: Y
A49: FY23 Q4M1 | B49: 0.2 | C49: -0.198 | D49: Y | G49: Y
A50: FY23 Q4M1 | B50: 0.2 | C50: -0.198 | D50: Y | G50: Y
A51: FY23 Q4M1 | B51: 0.2 | C51: -0.198 | D51: Y | G51: Y
A52: FY23 Q4M1 | B52: 0.2 | C52: -0.198 | D52: Y | G52: Y
A53: FY23 Q4M1 | B53: 0.2 | C53: -0.198 | D53: Y | G53: Y
A54: FY23 Q4M1 | B54: 0.2 | C54: 0.793 | D54: N | E54: declaration prior to arrival | F54: Uncontrollable | G54: Y
A55: FY23 Q4M1 | B55: 0.2 | C55: 0.793 | D55: N | E55: declaration prior to arrival | F55: Uncontrollable | G55: Y
A56: FY23 Q4M1 | B56: 0.2 | C56: 0.793 | D56: N | E56: declaration prior to arrival | F56: Uncontrollable | G56: Y
A57: FY23 Q4M1 | B57: 0.2 | C57: 0.793 | D57: N | E57: declaration prior to arrival | F57: Uncontrollable | G57: Y
A58: FY23 Q4M1 | B58: 0.2 | C58: -0.028 | D58: Y | G58: Y
A59: FY23 Q4M1 | B59: 0.2 | C59: -0.077 | D59: Y | G59: Y
A60: FY23 Q4M1 | B60: 0.2 | C60: -0.077 | D60: Y | G60: Y
A61: FY23 Q4M1 | B61: 0.2 | C61: -0.077 | D61: Y | G61: Y
A62: FY23 Q4M1 | B62: 0.2 | C62: 0.375 | D62: N | E62: Customs Broker Off-hour | F62: Uncontrollable | G62: Y
A63: FY23 Q4M1 | B63: 0.2 | C63: 0.375 | D63: N | E63: declaration prior to arrival | F63: Uncontrollable | G63: Y
A64: FY23 Q4M1 | B64: 0.2 | C64: -0.194 | D64: Y | G64: Y
A65: FY23 Q4M1 | B65: 0.2 | C65: 1.601 | D65: N | E65: Documents(Pre-alert) Missing | F65: Uncontrollable | G65: Y
A66: FY23 Q4M1 | B66: 0.2 | C66: 0.141 | D66: N | E66: Documents(Pre-alert) Missing | F66: Uncontrollable | G66: Y
A67: FY23 Q4M1 | B67: 0.2 | C67: 1.439 | D67: N | E67: Customs Broker Off-hour | F67: Uncontrollable | G67: Y
A68: FY23 Q4M1 | B68: 0.2 | C68: -0.081 | D68: Y | G68: Y
A69: FY23 Q4M1 | B69: 0.2 | C69: -0.092 | D69: Y | G69: Y
A70: FY23 Q4M1 | B70: 0.2 | C70: -0.043 | D70: Y | G70: Y
A71: FY23 Q4M1 | B71: 0.2 | C71: -0.083 | D71: Y | G71: Y
A72: FY23 Q4M1 | B72: 0.2 | C72: 0.794 | D72: N | E72: declaration prior to arrival | F72: Uncontrollable | G72: Y
A73: FY23 Q4M1 | B73: 0.2 | C73: -0.014 | D73: Y | G73: Y
A74: FY23 Q4M1 | B74: 0.2 | C74: 0.075 | D74: N | E74: Import & Export (Required submitting documents to customs) | F74: Uncontrollable | G74: Y
A75: FY23 Q4M1 | B75: 0.2 | C75: 0.074 | D75: N | E75: Import & Export (Required submitting documents to customs) | F75: Uncontrollable | G75: Y
A76: FY23 Q4M1 | B76: 0.2 | C76: 0.063 | D76: N | E76: Import & Export (Required submitting documents to customs) | F76: Uncontrollable | G76: Y
A77: FY23 Q4M1 | B77: 0.2 | C77: 0.063 | D77: N | E77: Import & Export (Required submitting documents to customs) | F77: Uncontrollable | G77: Y
A78: FY23 Q4M1 | B78: 0.2 | C78: 0.063 | D78: N | E78: Import & Export (Required submitting documents to customs) | F78: Uncontrollable | G78: Y
A79: FY23 Q4M1 | B79: 0.2 | C79: 0.063 | D79: N | E79: Import & Export (Required submitting documents to customs) | F79: Uncontrollable | G79: Y
A80: FY23 Q4M1 | B80: 0.2 | C80: -0.006 | D80: Y | G80: Y
A81: FY23 Q4M1 | B81: 0.2 | C81: 0.063 | D81: N | E81: Import & Export (Required submitting documents to customs) | F81: Uncontrollable | G81: Y
A82: FY23 Q4M1 | B82: 0.2 | C82: 0.032 | D82: N | E82: Import & Export (Required submitting documents to customs) | F82: Uncontrollable | G82: Y
A83: FY23 Q4M1 | B83: 0.2 | C83: 0.063 | D83: N | E83: Import & Export (Required submitting documents to customs) | F83: Uncontrollable | G83: Y
A84: FY23 Q4M1 | B84: 0.2 | C84: 0.062 | D84: N | E84: Import & Export (Required submitting documents to customs) | F84: Uncontrollable | G84: Y
A85: FY23 Q4M1 | B85: 0.2 | C85: 0.062 | D85: N | E85: Import & Export (Required submitting documents to customs) | F85: Uncontrollable | G85: Y
A86: FY23 Q4M1 | B86: 0.2 | C86: 0.062 | D86: N | E86: Import & Export (Required submitting documents to customs) | F86: Uncontrollable | G86: Y
A87: FY23 Q4M1 | B87: 0.2 | C87: 0.074 | D87: N | E87: Import & Export (Required submitting documents to customs) | F87: Uncontrollable | G87: Y
A88: FY23 Q4M1 | B88: 0.2 | C88: 0.063 | D88: N | E88: Import & Export (Required submitting documents to customs) | F88: Uncontrollable | G88: Y
A89: FY23 Q4M1 | B89: 0.2 | C89: 0.063 | D89: N | E89: Import & Export (Required submitting documents to customs) | F89: Uncontrollable | G89: Y
A90: FY23 Q4M1 | B90: 0.2 | C90: 0.063 | D90: N | E90: Import & Export (Required submitting documents to customs) | F90: Uncontrollable | G90: Y
A91: FY23 Q4M1 | B91: 0.2 | C91: 0.063 | D91: N | E91: Import & Export (Required submitting documents to customs) | F91: Uncontrollable | G91: Y
A92: FY23 Q4M1 | B92: 0.2 | C92: 0.063 | D92: N | E92: Import & Export (Required submitting documents to customs) | F92: Uncontrollable | G92: Y
... A94: FY23 Q4M1 | B94: 0.2 | C94: 0.063 | D94: N | E94: Import & Export (Required submitting documents to customs) | F94: Uncontrollable | G94: Y
A95: FY23 Q4M1 | B95: 0.2 | C95: -0.19 | D95: Y | G95: Y
A96: FY23 Q4M1 | B96: 0.2 | C96: 0.672 | D96: N | E96: Import & Export (Required submitting documents to customs) | F96: Uncontrollable | G96: Y
A97: FY23 Q4M1 | B97: 0.2 | C97: 0.03 | D97: N | E97: Documents(Pre-alert) Missing | F97: Uncontrollable | G97: Y
A98: FY23 Q4M1 | B98: 0.2 | C98: 0.03 | D98: N | E98: Documents(Pre-alert) Missing | F98: Uncontrollable | G98: Y
A99: FY23 Q4M1 | B99: 0.2 | C99: 0.232 | D99: N | E99: Documents(Pre-alert) Missing | F99: Uncontrollable | G99: Y
A100: FY23 Q4M1 | B100: 0.2 | C100: 0.232 | D100: N | E100: Documents(Pre-alert) Missing | F100: Uncontrollable | G100: Y
A101: FY23 Q4M1 | B101: 0.2 | C101: 0.147 | D101: N | E101: Documents(Pre-alert) Missing | F101: Uncontrollable | G101: Y
A102: FY23 Q4M1 | B102: 0.2 | C102: 0.147 | D102: N | E102: Documents(Pre-alert) Missing | F102: Uncontrollable | G102: Y
A103: FY23 Q4M1 | B103: 0.2 | C103: 1.819 | D103: N | E103: Documents(Pre-alert) Missing | F103: Uncontrollable | G103: Y
...

Sheet Export KPI (0527-0607)
A1: AMAT WK | B1: AMAT MONTH | C1: Export Declaration Number | D1: Customs(Export) | E1: Customs Inspection or document Received | F1: Normal Export / Re-Export | G1: All Docs Received | H1: Destination Custom Clearance | I1: Submitted to Customs-> Destination Custom Clearance Required Clearance Time | J1: Actual Clearance Time | K1: Diff time | L1: Delay Reason Details | M1: Controllable or Uncontrollable | N1: Net KPI | O1: Gross KPI | P1: Remarks
A2: FY202441 | B2: FY24 Q4M1 | C2: 4388424150553X | D2: Suwon | G2: 45510.417 | H2: 45510.439 | I2: 0.0625 | J2: =H2-G2 -> 0.022222222 | K2: =J2-I2 -> -0.040277778
A3: FY202441 | B3: FY24 Q4M1 | C3: 4388424150554X | D3: Suwon | G3: 45510.417 | H3: 45510.439 | I3: 0.0625 | J3: =H3-G3 -> 0.022222222 | K3: =J3-I3 -> -0.040277778
A4: FY202441 | B4: FY24 Q4M1 | C4: 4388424150555X | D4: Suwon | G4: 45510.417 | H4: 45510.439 | I4: 0.0625 | J4: =H4-G4 -> 0.022222222 | K4: =J4-I4 -> -0.040277778
A5: FY202441 | B5: FY24 Q4M1 | C5: 4388424150556X | D5: Suwon | G5: 45510.417 | H5: 45510.439 | I5: 0.0625 | J5: =H5-G5 -> 0.022222222 | K5: =J5-I5 -> -0.040277778
A6: FY202441 | B6: FY24 Q4M1 | C6: 4388424150557X | D6: Suwon | G6: 45510.417 | H6: 45510.439 | I6: 0.0625 | J6: =H6-G6 -> 0.022222222 | K6: =J6-I6 -> -0.040277778
A7: FY202441 | B7: FY24 Q4M1 | C7: 4388424150558X | D7: Suwon | G7: 45511.455 | H7: 45511.501 | I7: 0.0625 | J7: =H7-G7 -> 0.045833333 | K7: =J7-I7 -> -0.016666667
A8: FY202441 | B8: FY24 Q4M1 | C8: 4388424150559X | D8: Suwon | G8: 45511.455 | H8: 45511.501 | I8: 0.0625 | J8: =H8-G8 -> 0.045833333 | K8: =J8-I8 -> -0.016666667
A9: FY202441 | B9: FY24 Q4M1 | C9: 4388424150560X | D9: Suwon | G9: 45511.455 | H9: 45511.501 | I9: 0.0625 | J9: =H9-G9 -> 0.045833333 | K9: =J9-I9 -> -0.016666667
A10: FY202441 | B10: FY24 Q4M1 | C10: 4388424150561X | D10: Suwon | E10: 화면심사 | G10: 45511.455 | H10: 45511.542 | I10: 0.0625 | J10: =H10-G10 -> 0.086805556 | K10: =J10-I10 -> 0.024305556
A11: FY202441 | B11: FY24 Q4M1 | C11: 4388424150562X | D11: Suwon | G11: 45511.455 | H11: 45511.501 | I11: 0.0625 | J11: =H11-G11 -> 0.045833333 | K11: =J11-I11 -> -0.016666667
A12: FY202441 | B12: FY24 Q4M1 | C12: 4388424150563X | D12: Suwon | G12: 45511.455 | H12: 45511.501 | I12: 0.0625 | J12: =H12-G12 -> 0.045833333 | K12: =J12-I12 -> -0.016666667
A13: FY202441 | B13: FY24 Q4M1 | C13: 4388424150564X | D13: Suwon | G13: 45511.455 | H13: 45511.501 | I13: 0.0625 | J13: =H13-G13 -> 0.045833333 | K13: =J13-I13 -> -0.016666667
A14: FY202441 | B14: FY24 Q4M1 | C14: 4388424150565X | D14: Suwon | F14: 재수출 | G14: 45512.318 | H14: 45512.342 | I14: 0.0625 | J14: =H14-G14 -> 0.023611111 | K14: =J14-I14 -> -0.038888889
A15: FY202441 | B15: FY24 Q4M1 | C15: 4388424150566X | D15: Suwon | G15: 45512.376 | H15: 45512.449 | I15: 0.0625 | J15: =H15-G15 -> 0.072222222 | K15: =J15-I15 -> 0.0097222222
A16: FY202441 | B16: FY24 Q4M1 | C16: 4388424150567X | D16: Suwon | G16: 45512.376 | H16: 45512.449 | I16: 0.0625 | J16: =H16-G16 -> 0.072222222 | K16: =J16-I16 -> 0.0097222222
A17: FY202441 | B17: FY24 Q4M1 | C17: 4388424150569X | D17: Suwon | E17: 서류제출 | G17: 45512.378 | H17: 45512.677 | I17: 0.0625 | J17: =H17-G17 -> 0.29861111 | K17: =J17-I17 -> 0.23611111
A18: FY202441 | B18: FY24 Q4M1 | C18: 4388424150570X | D18: Suwon | G18: 45512.378 | H18: 45512.421 | I18: 0.0625 | J18: =H18-G18 -> 0.042361111 | K18: =J18-I18 -> -0.020138889
A19: FY202441 | B19: FY24 Q4M1 | C19: 4388424150573X | D19: Suwon | G19: 45513.383 | H19: 45513.394 | I19: 0.0625 | J19: =H19-G19 -> 0.011111111 | K19: =J19-I19 -> -0.051388889
A20: FY202441 | B20: FY24 Q4M1 | C20: 4388424150574X | D20: Suwon | G20: 45513.394 | H20: 45513.414 | I20: 0.0625 | J20: =H20-G20 -> 0.020138889 | K20: =J20-I20 -> -0.042361111
A21: FY202441 | B21: FY24 Q4M1 | C21: 4388424150575X | D21: Suwon | G21: 45513.59 | H21: 45513.599 | I21: 0.0625 | J21: =H21-G21 -> 0.0097222222 | K21: =J21-I21 -> -0.052777778
A22: FY202441 | B22: FY24 Q4M1 | C22: 4388424150576X | D22: Suwon | G22: 45513.59 | H22: 45513.599 | I22: 0.0625 | J22: =H22-G22 -> 0.0097222222 | K22: =J22-I22 -> -0.052777778
A23: FY202441 | B23: FY24 Q4M1 | C23: 4388424201315X | D23: Suwon | F23: 재수입 | G23: 45510.375 | H23: 45510.388 | I23: 0.0625 | J23: =H23-G23 -> 0.013194444 | K23: =J23-I23 -> -0.049305556
A24: FY202441 | B24: FY24 Q4M1 | C24: 4388424301831X | D24: Suwon | F24: 재수출 | G24: 45509.375 | H24: 45509.401 | I24: 0.0625 | J24: =H24-G24 -> 0.025694444 | K24: =J24-I24 -> -0.036805556
A25: FY202441 | B25: FY24 Q4M1 | C25: 4388424301832X | D25: Suwon | G25: 45509.375 | H25: 45509.408 | I25: 0.0625 | J25: =H25-G25 -> 0.033333333 | K25: =J25-I25 -> -0.029166667
A26: FY202441 | B26: FY24 Q4M1 | C26: 4388424301833X | D26: Suwon | G26: 45509.375 | H26: 45509.41 | I26: 0.0625 | J26: =H26-G26 -> 0.035416667 | K26: =J26-I26 -> -0.027083333
A27: FY202441 | B27: FY24 Q4M1 | C27: 4388424301834X | D27: Suwon | G27: 45509.375 | H27: 45509.412 | I27: 0.0625 | J27: =H27-G27 -> 0.036805556 | K27: =J27-I27 -> -0.025694444
A28: FY202441 | B28: FY24 Q4M1 | C28: 4388424301835X | D28: Suwon | G28: 45509.375 | H28: 45509.413 | I28: 0.0625 | J28: =H28-G28 -> 0.038194444 | K28: =J28-I28 -> -0.024305556
A29: FY202441 | B29: FY24 Q4M1 | C29: 4388424301836X | D29: Suwon | E29: 화면심사 | G29: 45509.375 | H29: 45509.42 | I29: 0.0625 | J29: =H29-G29 -> 0.045138889 | K29: =J29-I29 -> -0.017361111
A30: FY202441 | B30: FY24 Q4M1 | C30: 4388424301837X | D30: Suwon | G30: 45509.375 | H30: 45509.417 | I30: 0.0625 | J30: =H30-G30 -> 0.041666667 | K30: =J30-I30 -> -0.020833333
A31: FY202441 | B31: FY24 Q4M1 | C31: 4388424301838X | D31: Suwon | F31: 재수입 | G31: 45509.375 | H31: 45509.422 | I31: 0.0625 | J31: =H31-G31 -> 0.047222222 | K31: =J31-I31 -> -0.015277778
A32: FY202441 | B32: FY24 Q4M1 | C32: 4388424301839X | D32: Suwon | G32: 45509.375 | H32: 45509.425 | I32: 0.0625 | J32: =H32-G32 -> 0.05 | K32: =J32-I32 -> -0.0125
A33: FY202441 | B33: FY24 Q4M1 | C33: 4388424301840X | D33: Suwon | G33: 45509.438 | H33: 45509.463 | I33: 0.0625 | J33: =H33-G33 -> 0.025 | K33: =J33-I33 -> -0.0375
A34: FY202441 | B34: FY24 Q4M1 | C34: 4388424301841X | D34: Suwon | E34: 서류제출 | F34: 원상태 | G34: 45509.438 | H34: 45509.632 | I34: 0.0625 | J34: =H34-G34 -> 0.19444444 | K34: =J34-I34 -> 0.13194444
A35: FY202441 | B35: FY24 Q4M1 | C35: 4388424301842X | D35: Suwon | G35: 45509.438 | H35: 45509.466 | I35: 0.0625 | J35: =H35-G35 -> 0.028472222 | K35: =J35-I35 -> -0.034027778
A36: FY202441 | B36: FY24 Q4M1 | C36: 4388424301843X | D36: Suwon | E36: 서류제출 | F36: 원상태 | G36: 45509.438 | H36: 45509.483 | I36: 0.0625 | J36: =H36-G36 -> 0.045138889 | K36: =J36-I36 -> -0.017361111
A37: FY202441 | B37: FY24 Q4M1 | C37: 4388424301844X | D37: Suwon | G37: 45509.438 | H37: 45509.469 | I37: 0.0625 | J37: =H37-G37 -> 0.031944444 | K37: =J37-I37 -> -0.030555556
A38: FY202441 | B38: FY24 Q4M1 | C38: 4388424301845X | D38: Suwon | E38: 서류제출 | G38: 45509.438 | H38: 45509.715 | I38: 0.0625 | J38: =H38-G38 -> 0.27777778 | K38: =J38-I38 -> 0.21527778
A39: FY202441 | B39: FY24 Q4M1 | C39: 4388424301846X | D39: Suwon | G39: 45509.438 | H39: 45509.474 | I39: 0.0625 | J39: =H39-G39 -> 0.036805556 | K39: =J39-I39 -> -0.025694444
A40: FY202441 | B40: FY24 Q4M1 | C40: 4388424301847X | D40: Suwon | E40: 화면심사 | G40: 45509.438 | H40: 45509.572 | I40: 0.0625 | J40: =H40-G40 -> 0.13472222 | K40: =J40-I40 -> 0.072222222
A41: FY202441 | B41: FY24 Q4M1 | C41: 4388424301848X | D41: Suwon | G41: 45509.438 | H41: 45509.48 | I41: 0.0625 | J41: =H41-G41 -> 0.042361111 | K41: =J41-I41 -> -0.020138889
A42: FY202441 | B42: FY24 Q4M1 | C42: 4388424301849X | D42: Suwon | G42: 45509.438 | H42: 45509.481 | I42: 0.0625 | J42: =H42-G42 -> 0.04375 | K42: =J42-I42 -> -0.01875
A43: FY202441 | B43: FY24 Q4M1 | C43: 4388424301850X | D43: Suwon | G43: 45509.438 | H43: 45509.488 | I43: 0.0625 | J43: =H43-G43 -> 0.05 | K43: =J43-I43 -> -0.0125
A44: FY202441 | B44: FY24 Q4M1 | C44: 4388424301851X | D44: Suwon | G44: 45509.542 | H44: 45509.572 | I44: 0.0625 | J44: =H44-G44 -> 0.029861111 | K44: =J44-I44 -> -0.032638889
A45: FY202441 | B45: FY24 Q4M1 | C45: 4388424301852X | D45: Suwon | E45: 서류제출 | F45: 원상태 | G45: 45509.542 | H45: 45509.599 | I45: 0.0625 | J45: =H45-G45 -> 0.057638889 | K45: =J45-I45 -> -0.0048611111
A46: FY202441 | B46: FY24 Q4M1 | C46: 4388424301853X | D46: Suwon | G46: 45510.375 | H46: 45510.39 | I46: 0.0625 | J46: =H46-G46 -> 0.014583333 | K46: =J46-I46 -> -0.047916667
A47: FY202441 | B47: FY24 Q4M1 | C47: 4388424301854X | D47: Suwon | G47: 45510.375 | H47: 45510.39 | I47: 0.0625 | J47: =H47-G47 -> 0.015277778 | K47: =J47-I47 -> -0.047222222
A48: FY202441 | B48: FY24 Q4M1 | C48: 4388424301855X | D48: Suwon | G48: 45510.375 | H48: 45510.391 | I48: 0.0625 | J48: =H48-G48 -> 0.015972222 | K48: =J48-I48 -> -0.046527778
A49: FY202441 | B49: FY24 Q4M1 | C49: 4388424301856X | D49: Suwon | G49: 45510.375 | H49: 45510.412 | I49: 0.0625 | J49: =H49-G49 -> 0.0375 | K49: =J49-I49 -> -0.025
A50: FY202441 | B50: FY24 Q4M1 | C50: 4388424301857X | D50: Suwon | E50: 서류제출 | F50: 원상태 | G50: 45510.375 | H50: 45510.481 | I50: 0.0625 | J50: =H50-G50 -> 0.10555556 | K50: =J50-I50 -> 0.043055556
A51: FY202441 | B51: FY24 Q4M1 | C51: 4388424301858X | D51: Suwon | G51: 45510.417 | H51: 45510.43 | I51: 0.0625 | J51: =H51-G51 -> 0.013194444 | K51: =J51-I51 -> -0.049305556
A52: FY202441 | B52: FY24 Q4M1 | C52: 4388424301859X | D52: Suwon | G52: 45510.417 | H52: 45510.431 | I52: 0.0625 | J52: =H52-G52 -> 0.014583333 | K52: =J52-I52 -> -0.047916667
A53: FY202441 | B53: FY24 Q4M1 | C53: 4388424301860X | D53: Suwon | G53: 45510.417 | H53: 45510.431 | I53: 0.0625 | J53: =H53-G53 -> 0.014583333 | K53: =J53-I53 -> -0.047916667
A54: FY202441 | B54: FY24 Q4M1 | C54: 4388424301861X | D54: Suwon | G54: 45510.417 | H54: 45510.432 | I54: 0.0625 | J54: =H54-G54 -> 0.015277778 | K54: =J54-I54 -> -0.047222222
A55: FY202441 | B55: FY24 Q4M1 | C55: 4388424301862X | D55: Suwon | G55: 45510.417 | H55: 45510.442 | I55: 0.0625 | J55: =H55-G55 -> 0.025694444 | K55: =J55-I55 -> -0.036805556
A56: FY202441 | B56: FY24 Q4M1 | C56: 4388424301863X | D56: Suwon | E56: 화면심사 | G56: 45510.417 | H56: 45510.467 | I56: 0.0625 | J56: =H56-G56 -> 0.050694444 | K56: =J56-I56 -> -0.011805556
A57: FY202441 | B57: FY24 Q4M1 | C57: 4388424301864X | D57: Suwon | G57: 45510.417 | H57: 45510.444 | I57: 0.0625 | J57: =H57-G57 -> 0.027777778 | K57: =J57-I57 -> -0.034722222
A58: FY202441 | B58: FY24 Q4M1 | C58: 4388424301865X | D58: Suwon | G58: 45510.417 | H58: 45510.445 | I58: 0.0625 | J58: =H58-G58 -> 0.028472222 | K58: =J58-I58 -> -0.034027778
A59: FY202441 | B59: FY24 Q4M1 | C59: 4388424301866X | D59: Suwon | G59: 45510.417 | H59: 45510.446 | I59: 0.0625 | J59: =H59-G59 -> 0.029166667 | K59: =J59-I59 -> -0.033333333
A60: FY202441 | B60: FY24 Q4M1 | C60: 4388424301867X | D60: Suwon | G60: 45510.417 | H60: 45510.447 | I60: 0.0625 | J60: =H60-G60 -> 0.029861111 | K60: =J60-I60 -> -0.032638889
A61: FY202441 | B61: FY24 Q4M1 | C61: 4388424301868X | D61: Suwon | G61: 45510.417 | H61: 45510.448 | I61: 0.0625 | J61: =H61-G61 -> 0.03125 | K61: =J61-I61 -> -0.03125
A62: FY202441 | B62: FY24 Q4M1 | C62: 4388424301869X | D62: Suwon | G62: 45510.417 | H62: 45510.449 | I62: 0.0625 | J62: =H62-G62 -> 0.032638889 | K62: =J62-I62 -> -0.029861111
A63: FY202441 | B63: FY24 Q4M1 | C63: 4388424301870X | D63: Suwon | G63: 45510.417 | H63: 45510.451 | I63: 0.0625 | J63: =H63-G63 -> 0.034027778 | K63: =J63-I63 -> -0.028472222
A64: FY202441 | B64: FY24 Q4M1 | C64: 4388424301871X | D64: Suwon | G64: 45510.417 | H64: 45510.452 | I64: 0.0625 | J64: =H64-G64 -> 0.035416667 | K64: =J64-I64 -> -0.027083333
A65: FY202441 | B65: FY24 Q4M1 | C65: 4388424301872X | D65: Suwon | G65: 45510.417 | H65: 45510.453 | I65: 0.0625 | J65: =H65-G65 -> 0.036111111 | K65: =J65-I65 -> -0.026388889
A66: FY202441 | B66: FY24 Q4M1 | C66: 4388424301873X | D66: Suwon | G66: 45510.417 | H66: 45510.453 | I66: 0.0625 | J66: =H66-G66 -> 0.036805556 | K66: =J66-I66 -> -0.025694444
A67: FY202441 | B67: FY24 Q4M1 | C67: 4388424301874X | D67: Suwon | G67: 45510.417 | H67: 45510.456 | I67: 0.0625 | J67: =H67-G67 -> 0.038888889 | K67: =J67-I67 -> -0.023611111
A68: FY202441 | B68: FY24 Q4M1 | C68: 4388424301875X | D68: Suwon | G68: 45510.417 | H68: 45510.456 | I68: 0.0625 | J68: =H68-G68 -> 0.039583333 | K68: =J68-I68 -> -0.022916667
A69: FY202441 | B69: FY24 Q4M1 | C69: 4388424301876X | D69: Suwon | G69: 45510.417 | H69: 45510.458 | I69: 0.0625 | J69: =H69-G69 -> 0.040972222 | K69: =J69-I69 -> -0.021527778
A70: FY202441 | B70: FY24 Q4M1 | C70: 4388424301877X | D70: Suwon | E70: 화면심사 | G70: 45510.417 | H70: 45510.481 | I70: 0.0625 | J70: =H70-G70 -> 0.063888889 | K70: =J70-I70 -> 0.0013888889
A71: FY202441 | B71: FY24 Q4M1 | C71: 4388424301878X | D71: Suwon | G71: 45510.417 | H71: 45510.46 | I71: 0.0625 | J71: =H71-G71 -> 0.04375 | K71: =J71-I71 -> -0.01875
A72: FY202441 | B72: FY24 Q4M1 | C72: 4388424301879X | D72: Suwon | G72: 45510.417 | H72: 45510.461 | I72: 0.0625 | J72: =H72-G72 -> 0.044444444 | K72: =J72-I72 -> -0.018055556
A73: FY202441 | B73: FY24 Q4M1 | C73: 4388424301880X | D73: Suwon | G73: 45510.417 | H73: 45510.462 | I73: 0.0625 | J73: =H73-G73 -> 0.045138889 | K73: =J73-I73 -> -0.017361111
A74: FY202441 | B74: FY24 Q4M1 | C74: 4388424301881X | D74: Suwon | G74: 45510.417 | H74: 45510.463 | I74: 0.0625 | J74: =H74-G74 -> 0.046527778 | K74: =J74-I74 -> -0.015972222
A75: FY202441 | B75: FY24 Q4M1 | C75: 4388424301882X | D75: Suwon | E75: 서류제출 | F75: 원상태 | G75: 45510.417 | H75: 45510.566 | I75: 0.0625 | J75: =H75-G75 -> 0.14930556 | K75: =J75-I75 -> 0.086805556
A76: FY202441 | B76: FY24 Q4M1 | C76: 4388424301883X | D76: Suwon | E76: 서류제출 | F76: 원상태 | G76: 45510.417 | H76: 45510.545 | I76: 0.0625 | J76: =H76-G76 -> 0.12847222 | K76: =J76-I76 -> 0.065972222
A77: FY202441 | B77: FY24 Q4M1 | C77: 4388424301884X | D77: Suwon | G77: 45510.438 | H77: 45510.496 | I77: 0.0625 | J77: =H77-G77 -> 0.058333333 | K77: =J77-I77 -> -0.0041666667
A78: FY202441 | B78: FY24 Q4M1 | C78: 4388424301885X | D78: Suwon | E78: 서류제출 | F78: 원상태 | G78: 45510.438 | H78: 45510.603 | I78: 0.0625 | J78: =H78-G78 -> 0.16527778 | K78: =J78-I78 -> 0.10277778
A79: FY202441 | B79: FY24 Q4M1 | C79: 4388424301886X | D79: Suwon | G79: 45510.438 | H79: 45510.499 | I79: 0.0625 | J79: =H79-G79 -> 0.061805556 | K79: =J79-I79 -> -0.00069444445
A80: FY202441 | B80: FY24 Q4M1 | C80: 4388424301887X | D80: Suwon | E80: 서류제출 | F80: 원상태 | G80: 45510.438 | H80: 45510.595 | I80: 0.0625 | J80: =H80-G80 -> 0.15763889 | K80: =J80-I80 -> 0.095138889
A81: FY202441 | B81: FY24 Q4M1 | C81: 4388424301888X | D81: Suwon | G81: 45510.542 | H81: 45510.549 | I81: 0.0625 | J81: =H81-G81 -> 0.0076388889 | K81: =J81-I81 -> -0.054861111
A82: FY202441 | B82: FY24 Q4M1 | C82: 4388424301889X | D82: Suwon | E82: 서류제출 | F82: 원상태 | G82: 45510.542 | H82: 45510.603 | I82: 0.0625 | J82: =H82-G82 -> 0.061111111 | K82: =J82-I82 -> -0.0013888889
A83: FY202441 | B83: FY24 Q4M1 | C83: 4388424301890X | D83: Suwon | G83: 45511.368 | H83: 45511.372 | I83: 0.0625 | J83: =H83-G83 -> 0.0041666667 | K83: =J83-I83 -> -0.058333333
A84: FY202441 | B84: FY24 Q4M1 | C84: 4388424301891X | D84: Suwon | G84: 45511.368 | H84: 45511.393 | I84: 0.0625 | J84: =H84-G84 -> 0.025 | K84: =J84-I84 -> -0.0375
A85: FY202441 | B85: FY24 Q4M1 | C85: 4388424301892X | D85: Suwon | G85: 45511.368 | H85: 45511.394 | I85: 0.0625 | J85: =H85-G85 -> 0.025694444 | K85: =J85-I85 -> -0.036805556
A86: FY202441 | B86: FY24 Q4M1 | C86: 4388424301893X | D86: Suwon | E86: 화면심사 | G86: 45511.368 | H86: 45511.413 | I86: 0.0625 | J86: =H86-G86 -> 0.045138889 | K86: =J86-I86 -> -0.017361111
A87: FY202441 | B87: FY24 Q4M1 | C87: 4388424301894X | D87: Suwon | G87: 45511.368 | H87: 45511.397 | I87: 0.0625 | J87: =H87-G87 -> 0.029166667 | K87: =J87-I87 -> -0.033333333
A88: FY202441 | B88: FY24 Q4M1 | C88: 4388424301895X | D88: Suwon | G88: 45511.368 | H88: 45511.399 | I88: 0.0625 | J88: =H88-G88 -> 0.030555556 | K88: =J88-I88 -> -0.031944444
A89: FY202441 | B89: FY24 Q4M1 | C89: 4388424301896X | D89: Suwon | E89: 화면심사 | G89: 45511.408 | H89: 45511.457 | I89: 0.0625 | J89: =H89-G89 -> 0.048611111 | K89: =J89-I89 -> -0.013888889
A90: FY202441 | B90: FY24 Q4M1 | C90: 4388424301897X | D90: Suwon | E90: 서류제출 | F90: 원상태 | G90: 45511.408 | H90: 45511.474 | I90: 0.0625 | J90: =H90-G90 -> 0.065277778 | K90: =J90-I90 -> 0.0027777778
A91: FY202441 | B91: FY24 Q4M1 | C91: 4388424301898X | D91: Suwon | E91: 서류제출 | F91: 원상태 | G91: 45511.408 | H91: 45511.473 | I91: 0.0625 | J91: =H91-G91 -> 0.064583333 | K91: =J91-I91 -> 0.0020833333
A92: FY202441 | B92: FY24 Q4M1 | C92: 4388424301899X | D92: Suwon | G92: 45511.408 | H92: 45511.444 | I92: 0.0625 | J92: =H92-G92 -> 0.036111111 | K92: =J92-I92 -> -0.026388889
A93: FY202441 | B93: FY24 Q4M1 | C93: 4388424301900X | D93: Suwon | E93: 서류제출 | F93: 원상태 | G93: 45511.408 | H93: 45511.474 | I93: 0.0625 | J93: =H93-G93 -> 0.065277778 | K93: =J93-I93 -> 0.0027777778
A94: FY202441 | B94: FY24 Q4M1 | C94: 4388424301901X | D94: Suwon | G94: 45511.408 | H94: 45511.451 | I94: 0.0625 | J94: =H94-G94 -> 0.042361111 | K94: =J94-I94 -> -0.020138889
A95: FY202441 | B95: FY24 Q4M1 | C95: 4388424301902X | D95: Suwon | E95: 서류제출 | F95: 원상태 | G95: 45511.408 | H95: 45511.474 | I95: 0.0625 | J95: =H95-G95 -> 0.065277778 | K95: =J95-I95 -> 0.0027777778
A96: FY202441 | B96: FY24 Q4M1 | C96: 4388424301903X | D96: Suwon | E96: 서류제출 | F96: 원상태 | G96: 45511.408 | H96: 45511.473 | I96: 0.0625 | J96: =H96-G96 -> 0.064583333 | K96: =J96-I96 -> 0.0020833333
A97: FY202441 | B97: FY24 Q4M1 | C97: 4388424301904X | D97: Suwon | G97: 45511.408 | H97: 45511.459 | I97: 0.0625 | J97: =H97-G97 -> 0.050694444 | K97: =J97-I97 -> -0.011805556
A98: FY202441 | B98: FY24 Q4M1 | C98: 4388424301905X | D98: Suwon | E98: 화면심사 | G98: 45511.455 | H98: 45511.467 | I98: 0.0625 | J98: =H98-G98 -> 0.011805556 | K98: =J98-I98 -> -0.050694444
A99: FY202441 | B99: FY24 Q4M1 | C99: 4388424301906X | D99: Suwon | G99: 45511.455 | H99: 45511.472 | I99: 0.0625 | J99: =H99-G99 -> 0.016666667 | K99: =J99-I99 -> -0.045833333
A100: FY202441 | B100: FY24 Q4M1 | C100: 4388424301907X | D100: Suwon | G100: 45512.375 | H100: 45512.397 | I100: 0.0625 | J100: =H100-G100 -> 0.022222222 | K100: =J100-I100 -> -0.040277778
...

Sheet 수출데이터
A1: 5 | B1: 2 | C1: 3 | D1: 4 | E1: 5 | F1: 6 | G1: 7 | H1: 8 | I1: 9 | J1: 10 | K1: 11 | L1: 12 | M1: 13 | N1: 14 | O1: 15 | P1: 16 | Q1: 17 | R1: 18 | S1: 19 | T1: 20 | U1: 21 | V1: 22 | W1: 23 | X1: 24 | Y1: 25 | Z1: 26 | AA1: 27 | AB1: 28 | AC1: 29 | AD1: 30 | AE1: 31 | AF1: 32 | AG1: 33 | AH1: 34 | AI1: 35 | AJ1: 36 | AK1: 37 | AL1: 38 | AM1: 39 | AN1: 40 | AO1: 41 | AP1: 42 | AQ1: 43 | AR1: 44 | AS1: 45 | AT1: 46 | AU1: 47 | AV1: 48 | AW1: 49 | AX1: 50 | AY1: 51 | AZ1: 52 | BA1: 53 | BB1: 54 | BC1: 55 | BD1: 56 | BE1: 57 | BF1: 58 | BG1: 59 | BH1: 60 | BI1: 61 | BJ1: 62 | BK1: 63 | BL1: 64 | BM1: 65 | BN1: 66 | BO1: 67 | BP1: 68 | BQ1: 69 | BR1: 70 | BS1: 71 | BT1: 72 | BU1: 73 | BV1: 74 | BW1: 75 | BX1: 76 | BY1: 77 | BZ1: 78 | CA1: 79 | CB1: 80 | CC1: 81 | CD1: 82 | CE1: 83 | CF1: 84 | CG1: 85 | CH1: 86 | CI1: 87 | CJ1: 88 | CK1: 89 | CL1: 90 | CM1: 91 | CN1: 92 | CO1: 93 | CP1: 94 | CQ1: 95 | CR1: 96 | CS1: 97 | CT1: 98 | CU1: 99 | CV1: 100 | CW1: 101 | CX1: 102 | CY1: 103 | CZ1: 104 | DA1: 105 | DB1: 106 | DC1: 107 | DD1: 108 | DE1: 109 | DF1: 110 | DG1: 111 | DH1: 112 | DI1: 113 | DJ1: 114 | DK1: 115 | DL1: 116 | DM1: 117 | DN1: 118 | DO1: 119 | DP1: 120 | DQ1: 121 | DR1: 122 | DS1: 123 | DT1: 124 | DU1: 125 | DV1: 126 | DW1: 127 | DX1: 128 | DY1: 129 | DZ1: 130 | EA1: 131 | EB1: 132 | EC1: 133 | ED1: 134 | EE1: 135 | EF1: 136 | EG1: 137 | EH1: 138 | EI1: 139 | EJ1: 140 | EK1: 141 | EL1: 142 | EM1: 143 | EN1: 144 | EO1: 145 | EP1: 146 | EQ1: 147 | ER1: 148 | ES1: 149 | ET1: 150 | EU1: 151 | EV1: 152 | EW1: 153 | EX1: 154 | EY1: 155 | EZ1: 156 | FA1: 157 | FB1: 158 | FC1: 159 | FD1: 160 | FE1: 161 | FF1: 162 | FG1: 163 | FH1: 164 | FI1: 165 | FJ1: 166 | FK1: 167 | FL1: 168 | FM1: 169 | FN1: 170 | FO1: 171 | FP1: 172 | FQ1: 173 | FR1: 174 | FS1: 175 | FT1: 176 | FU1: 177
A2: 신고번호 | B2: 세관 | C2: 과 | D2: 신고년 | E2: 신고번호 | F2: 신고체크디지트 | G2: 제출년도 | H2: 제출번호 | I2: 체크디지트 | J2: 신고일자 | K2: 신고구분 | L2: C/S구분 | M2: 거래구분 | N2: 수출종류 | O2: 결제종류 | P2: 신고자 상호 | Q2: 수출대행자 코드 | R2: 수출대행자 상호 | S2: 수출대행자 통관고유부호 | T2: 수출자구분 | U2: 수출화주코드 | V2: 수출화주상호 | W2: 수출화주주소 | X2: 수출화주대표자명 | Y2: 수출화주통관고유부호 | Z2: 수출화주사업번호 | AA2: 수출화주소재지 | AB2: 수출화주 사업장일련번호 | AC2: 제조자 코드 | AD2: 제조자 상호 | AE2: 제조자 주소 | AF2: 제조자 대표자명 | AG2: 제조자 통관고유부호 | AH2: 제조자 사업번호 구분 | AI2: 제조자 사업번호 | AJ2: 제조자 사업장일련번호 | AK2: 해외거래처코드 | AL2: 해외거래처상호 | AM2: 환급신청인 | AN2: 제조장소 | AO2: 환급기관명 | AP2: 목적국코드 | AQ2: 목적국명 | AR2: 적재항 코드 | AS2: 적재항 명 | AT2: 운송형태 | AU2: 운송용기 | AV2: 제조일자 | AW2: 물품소재지 우편번호 | AX2: 물품소재지 주소 | AY2: LC번호 | AZ2: 인보이스 번호 | BA2: 무역업체 참조번호 | BB2: 저장구분 | BC2: 로컬구분 | BD2: 계약번호1 | BE2: 계약번호2 | BF2: 지역구분 | BG2: 총 란수 | BH2: 총중량 | BI2: 중량단위 | BJ2: 총 포장수량 | BK2: USD 환율 | BL2: 총 FOB 원화 | BM2: 총 FOB 달러 | BN2: 인도조건 | BO2: 결제통화단위 | BP2: 결제환율 | BQ2: 입력 결제금액 | BR2: 운임보험료 자동계산여부 | BS2: 운임 통화단위 | BT2: 운임 통화 환율 | BU2: 입력 운임 | BV2: 계산된 운임 원화 | BW2: 보험료 통화단위 | BX2: 보험료 통화 환율 | BY2: 입력 보험료 | BZ2: 계산된 보험료 원화 | CA2: 기타금액 통화단위 | CB2: 기타금액 통화 환율 | CC2: 입력 기타금액 | CD2: 계산된 기타금 원화 | CE2: 운송인 코드 | CF2: 운송인 상호 | CG2: 운송 시작일 | CH2: 운송 종료일 | CI2: 응답형태 | CJ2: 전송구분 | CK2: 세관기재란 | CL2: 수리일 | CM2: 반입지역 | CN2: 전송결과 | CO2: 수신결과 | CP2: 신고서 입력담당자 | CQ2: 장치장 일련번호 | CR2: 대행사 코드 | CS2: 대행사 상호 | CT2: 대행사 사업번호 | CU2: 임시개청여부 | CV2: 반송사유 | CW2: 화물관리번호 전송구분 | CX2: 적재의무기한 | CY2: 관세사실적 | CZ2: 중고여부 | DA2: 팩스 전송결과 | DB2: 간이환급구분 | DC2: 산업단지부호 | DD2: 검사방법 | DE2: 포장단위 | DF2: 신고인기재란 | DG2: 신고인 이름 | DH2: 컨테이너 적입여부 | DI2: 포워드 코드 | DJ2: 포워드 상호 | DK2: 영문 물품소재지 | DL2: 출항일 | DM2: 남북교역여부 | DN2: 선사항공사부호 | DO2: 선사항공사명 | DP2: 선편명 | DQ2: 출항예정일자 | DR2: 적재예정보세구역 | DS2: 장치장부호 | DT2: 반입번호 | DU2: 작성자 | DV2: 선적일자 | DW2: 화물관리번호 | DX2: BL번호 | DY2: 선적여부 | DZ2: 선별결과 | EA2: 물품소재지주소 | EB2: 정정차수 | EC2: 입력자 | ED2: 수리일시 | EE2: 란번호 | EF2: 세번부호 | EG2: 송품장부호 | EH2: 란중량 | EI2: 란중량단위 | EJ2: 란수량 | EK2: 란수량단위 | EL2: 포장수량 | EM2: 포장수량단위 | EN2: 순중량 | EO2: 표준품명 | EP2: 거래품명 | EQ2: 결제금액 | ER2: 결제fob | ES2: FOB원화 | ET2: FOB달러 | EU2: 수입신고번호 | EV2: 수입신고번호란번호 | EW2: 서류첨부여부 | EX2: 상표명 | EY2: 원산지 | EZ2: 원산지결정방법 | FA2: 원산지표시유무 | FB2: 자율원산지증명서발급여부 | FC2: 발급협정코드 | FD2: 철강협회수출승인번호 | FE2: 란번호3 | FF2: 행번호 | FG2: 제품코드 | FH2: 수량 | FI2: 수량단위 | FJ2: 결제금액_1 | FK2: 단가 | FL2: 품명및규격1 | FM2: 품명및규격2 | FN2: 품명및규격3 | FO2: 품명및규격4 | FP2: 품명및규격5 | FQ2: 품명및규격6 | FR2: 품명및규격7 | FS2: 품명및규격8 | FT2: 성분1 | FU2: 성분2 | GA2: 신고번호 | GB2: 신고세관 | GC2: 심사결과 | GD2: 수출구분 | GE2: 서류시간 | GF2: 수리일시 | GI2: 계약번호2
A3: 4388426300422X | B3: 016 | C3: C1 | D3: 26 | E3: 4388426300422X | G3: 2026 | H3: 300422 | I3: X | J3: 20260128 | K3: H | L3: A | M3: 94 | N3: A | O3: GN | P3: 관세법인 정상 경기지사 | Q3: AMAT | R3: 어플라이드머티어리얼즈코리아 | S3: 어플라이1931018 | T3: C | U3: AMAT | V3: 어플라이드머티어리얼즈코리아 | W3: 경기도 성남시 분당구 양현로 322 (코리아디자인센터빌딩5층) | X3: 박광선 | Y3: 어플라이1931018 | Z3: 3128114779 | AA3: 13496 | AB3: 0000 | AC3: 0001 | AD3: 미상 | AG3: 제조미상9999000 | AH3: 01 | AI3: 7701031012021 | AK3: SGAPPLIE0013J | AL3: APPLIED MATERIALSSOUTH EAST ASIA | AM3: 1 | AN3: 13496 | AP3: SG | AQ3: SNGAPOR | AR3: ICN | AS3: 인천공항 | AT3: 40 | AU3: ETC | AV3: 20260128 | AW3: 17554 | AX3: GE 안성 제2공장 | AZ3: KR26010159 | BB3: Y | BD3: DGF/320370 | BE3: 2026-01-28 10:47:18 | BG3: 001 | BH3: 4.5 | BI3: KG | BJ3: 1 | BK3: 1473.06 | BL3: 2464635 | BM3: 1673 | BN3: FCA | BO3: USD | BP3: 1473.06 | BQ3: 1673.14 | BR3: O | BS3: KRW | BT3: 1 | BU3: 0 | BV3: 0 | BW3: USD | BX3: 1473.06 | BY3: 0 | BZ3: 0 | CA3: USD | CB3: 1473.06 | CC3: 0 | CD3: 0 | CI3: AB | CL3: 20260128 | CN3: 완료 | CO3: 수리 | CU3: N | CX3: 20260227 | CZ3: N | DB3: NO | DC3: 999 | DD3: A | DE3: CT | DF3: INV.KR26010159 | DG3: 이성종 | DH3: N | DR3: 04099999 | DU3: 한이진 | DV3: 20260130 | DX3: I262147 | DY3: Y | EA3: 경기도 안성시 원곡 면 성은리 334-1 | EB3: 0 | EC3: 한이진 | ED3: 202601281051 | EE3: 001 | EF3: 9031809091 | EG3: KR26010159 | EH3: 3 | EI3: KG | EJ3: 1 | EK3: U | EL3: 1 | EM3: CT | EN3: 3 | EO3: FOR THE PURPOSE OF SEMICONDUCTOR MANUFACTURING | EP3: MULTIPOLE,TEST FIXTURE | EQ3: 1673.14 | ER3: 1673.14 | ES3: 2464635 | ET3: 1673 | EW3: N | EY3: US | FB3: N | FE3: 001 | FF3: 01 | FH3: 1 | FI3: EA | FJ3: 1673.14 | FK3: 1673.14 | FL3: E11491030 | FM3: MULTIPOLE,TEST FIXTURE | GA3: =A3 -> 4388426300422X | GB3: Seongnam | GC3: =VLOOKUP(L3,수출코드!$A$2:$B$6,2,FALSE) | GD3: =VLOOKUP(M3,수출코드!$E$2:$F$5,2,FALSE) -> 재수출 | GE3: =DATE(LEFT(GI3,4),MID(GI3,5,2),MID(GI3,7,2))+TIME(MID(GI3,10,2),MID(GI3,12,2),"00") -> 45975.658 | GF3: =DATE(LEFT(ED3,4),MID(ED3,5,2),MID(ED3,7,2))+TIME(MID(ED3,9,2),MID(ED3,11,2),"00") -> 46050.452 | GI3: 20251114 154838
A4: 4388426100287X | B4: 021 | C4: D9 | D4: 26 | E4: 4388426100287X | G4: 2026 | H4: 100287 | I4: X | J4: 20260126 | K4: H | L4: P | M4: 11 | N4: A | O4: TT | P4: 관세법인 정상 경기지사 | Q4: AMAT | R4: 어플라이드머티어리얼즈코리아 | S4: 어플라이1931018 | T4: C | U4: AMAT | V4: 어플라이드머티어리얼즈코리아 | W4: 경기도 성남시 분당구 양현로 322 (코리아디자인센터빌딩5층) | X4: 박광선 | Y4: 어플라이1931018 | Z4: 3128114779 | AA4: 13496 | AB4: 0000 | AC4: 0001 | AD4: 미상 | AG4: 제조미상9999000 | AH4: 01 | AI4: 7701031012021 | AK4: USAPPLIE0288X | AL4: APPLIED MATERIALS INC | AM4: 1 | AN4: 13496 | AP4: US | AQ4: U.S.A | AR4: ICN | AS4: 인천공항 | AT4: 40 | AU4: ETC | AV4: 20260126 | AW4: 17118 | AX4: 캔달스퀘어 남사로지스틱스파크 | AZ4: 703681186 | BB4: Y | BD4: DGF/DP04/320268 | BE4: 2026-01-26 08:45:26 | BG4: 015 | BH4: 105 | BI4: KG | BJ4: 10 | BK4: 1473.06 | BL4: 210558781 | BM4: 142940 | BN4: DAP | BO4: USD | BP4: 1473.06 | BQ4: 143917.28 | BR4: O | BS4: KRW | BT4: 1 | BU4: 1440000 | BV4: 1440000 | BW4: USD | BX4: 1473.06 | BY4: 0 | BZ4: 0 | CA4: USD | CB4: 1473.06 | CC4: 0 | CD4: 0 | CI4: AB | CL4: 20260126 | CN4: 완료 | CO4: 수리 | CU4: N | CX4: 20260225 | CZ4: N | DB4: NO | DC4: 999 | DD4: A | DE4: CT | DF4: INV.703681186 | DG4: 이성종 | DH4: N | DR4: 04099999 | DU4: 공통 | DV4: 20260128 | DX4: I229967 | DY4: Y | DZ4: 서류 | EA4: 경기도 용인시 처인구 남사읍 당하로 114 | EB4: 0 | EC4: 공통 | ED4: 202601261057 | EE4: 001 | EF4: 8537105090 | EG4: 703681186 | EH4: 3.45 | EI4: KG | EJ4: 0 | EL4: 10 | EM4: CT | EN4: 3.45 | EO4: BOARDS, PANELS AND CONSOLES FOR ELECTRIC CONTROL | EP4: CONTROL BOX, MOTION, 4 CHANNEL | EQ4: 2636.2 | ER4: 2636.2 | ES4: 3856903 | ET4: 2618 | EW4: N | EY4: US | FB4: N | FE4: 001 | FF4: 01 | FH4: 1 | FI4: EA | FJ4: 2636.2 | FK4: 2636.2 | FL4: 0010-65925B | FM4: CONTROL BOX, MOTION, 4 CHANNEL | GA4: =A4 -> 4388426100287X | GB4: =VLOOKUP(B4,수출코드!$C$2:$D$4,2,FALSE) -> Suwon | GC4: =VLOOKUP(L4,수출코드!$A$2:$B$6,2,FALSE) -> 서류제출 | GD4: =VLOOKUP(M4,수출코드!$E$2:$F$5,2,FALSE) -> 일반 | GE4: =DATE(LEFT(GI4,4),MID(GI4,5,2),MID(GI4,7,2))+TIME(MID(GI4,10,2),MID(GI4,12,2),"00") -> 45975.658 | GF4: =DATE(LEFT(ED4,4),MID(ED4,5,2),MID(ED4,7,2))+TIME(MID(ED4,9,2),MID(ED4,11,2),"00") -> 46048.456 | GI4: 20251114 154838
A5: 4388426100288X | B5: 021 | C5: D9 | D5: 26 | E5: 4388426100288X | G5: 2026 | H5: 100288 | I5: X | J5: 20260126 | K5: H | L5: A | M5: 11 | N5: A | O5: TT | P5: 관세법인 정상 경기지사 | Q5: AMAT | R5: 어플라이드머티어리얼즈코리아 | S5: 어플라이1931018 | T5: C | U5: AMAT | V5: 어플라이드머티어리얼즈코리아 | W5: 경기도 성남시 분당구 양현로 322 (코리아디자인센터빌딩5층) | X5: 박광선 | Y5: 어플라이1931018 | Z5: 3128114779 | AA5: 13496 | AB5: 0000 | AC5: 0001 | AD5: 미상 | AG5: 제조미상9999000 | AH5: 01 | AI5: 7701031012021 | AK5: ILAPPLIE0036D | AL5: APPLIED MATERIALS ISRAEL LTD | AM5: 1 | AN5: 13496 | AP5: IL | AQ5: ISRAEL | AR5: ICN | AS5: 인천공항 | AT5: 40 | AU5: ETC | AV5: 20260126 | AW5: 17118 | AX5: 캔달스퀘어 남사로지스틱스파크 | AZ5: 703681189 | BB5: Y | BD5: DGF/DP04/320268 | BE5: 2026-01-26 08:45:26 | BG5: 005 | BH5: 64 | BI5: KG | BJ5: 5 | BK5: 1473.06 | BL5: 78108069 | BM5: 53024 | BN5: DAP | BO5: USD | BP5: 1473.06 | BQ5: 53554.69 | BR5: O | BS5: KRW | BT5: 1 | BU5: 781200 | BV5: 781200 | BW5: USD | BX5: 1473.06 | BY5: 0 | BZ5: 0 | CA5: USD | CB5: 1473.06 | CC5: 0 | CD5: 0 | CI5: AB | CL5: 20260126 | CN5: 완료 | CO5: 수리 | CU5: N | CX5: 20260225 | CZ5: N | DB5: NO | DC5: 999 | DD5: A | DE5: CT | DF5: INV.703681189 | DG5: 이성종 | DH5: N | DR5: 04099999 | DU5: 공통 | DV5: 20260127 | DX5: I229960 | DY5: Y | EA5: 경기도 용인시 처인구 남사읍 당하로 114 | EB5: 0 | EC5: 공통 | ED5: 202601260926 | EE5: 001 | EF5: 8504409099 | EG5: 703681189 | EH5: 6.312 | EI5: KG | EJ5: 1 | EK5: U | EL5: 5 | EM5: CT | EN5: 6.312 | EO5: STATIC CONVERTERS | EP5: UCPM-14 ASSY, SHVM14 | EQ5: 6134.2 | ER5: 6134.2 | ES5: 8946565 | ET5: 6073 | EW5: N | EY5: IL | FB5: N | FE5: 001 | FF5: 01 | FH5: 1 | FI5: EA | FJ5: 6134.2 | FK5: 6134.2 | FL5: 0090-B8145B | FM5: UCPM-14 ASSY, SHVM14 | GA5: =A5 -> 4388426100288X | GB5: =VLOOKUP(B5,수출코드!$C$2:$D$4,2,FALSE) -> Suwon | GC5: =VLOOKUP(L5,수출코드!$A$2:$B$6,2,FALSE) | GD5: =VLOOKUP(M5,수출코드!$E$2:$F$5,2,FALSE) -> 일반 | GE5: =DATE(LEFT(GI5,4),MID(GI5,5,2),MID(GI5,7,2))+TIME(MID(GI5,10,2),MID(GI5,12,2),"00") -> 45975.658 | GF5: =DATE(LEFT(ED5,4),MID(ED5,5,2),MID(ED5,7,2))+TIME(MID(ED5,9,2),MID(ED5,11,2),"00") -> 46048.393 | GI5: 20251114 154838
A6: 4388426100289X | B6: 021 | C6: D9 | D6: 26 | E6: 4388426100289X | G6: 2026 | H6: 100289 | I6: X | J6: 20260126 | K6: H | L6: A | M6: 11 | N6: A | O6: TT | P6: 관세법인 정상 경기지사 | Q6: AMAT | R6: 어플라이드머티어리얼즈코리아 | S6: 어플라이1931018 | T6: C | U6: AMAT | V6: 어플라이드머티어리얼즈코리아 | W6: 경기도 성남시 분당구 양현로 322 (코리아디자인센터빌딩5층) | X6: 박광선 | Y6: 어플라이1931018 | Z6: 3128114779 | AA6: 13496 | AB6: 0000 | AC6: 0001 | AD6: 미상 | AG6: 제조미상9999000 | AH6: 01 | AI6: 7701031012021 | AK6: USAPPLIE0288X | AL6: APPLIED MATERIALS INC | AM6: 1 | AN6: 13496 | AP6: US | AQ6: U.S.A | AR6: ICN | AS6: 인천공항 | AT6: 40 | AU6: ETC | AV6: 20260126 | AW6: 17118 | AX6: 캔달스퀘어 남사로지스틱스파크 | AZ6: 703681196 | BB6: Y | BD6: DGF/DP04/320268 | BE6: 2026-01-26 08:45:26 | BG6: 001 | BH6: 2 | BI6: KG | BJ6: 1 | BK6: 1473.06 | BL6: 3249900 | BM6: 2206 | BN6: DAP | BO6: USD | BP6: 1473.06 | BQ6: 2238.47 | BR6: O | BS6: KRW | BT6: 1 | BU6: 47500 | BV6: 47500 | BW6: USD | BX6: 1473.06 | BY6: 0 | BZ6: 0 | CA6: USD | CB6: 1473.06 | CC6: 0 | CD6: 0 | CI6: AB | CL6: 20260126 | CN6: 완료 | CO6: 수리 | CU6: N | CX6: 20260225 | CZ6: N | DB6: NO | DC6: 999 | DD6: A | DE6: CT | DF6: INV.703681196 | DG6: 이성종 | DH6: N | DR6: 04099999 | DU6: 공통 | DV6: 20260128 | DX6: I229955 | DY6: Y | EA6: 경기도 용인시 처인구 남사읍 당하로 114 | EB6: 0 | EC6: 공통 | ED6: 202601260926 | EE6: 001 | EF6: 8536909090 | EG6: 703681196 | EH6: 2 | EI6: KG | EJ6: 1 | EK6: U | EL6: 2 | EM6: CT | EN6: 2 | EO6: APPARATUS FOR ELECTRICAL CIRCUITS | EP6: SLIP RING ASSY, ENCLOSED, 8 CIRCUIT | EQ6: 2238.47 | ER6: 2238.47 | ES6: 3249900 | ET6: 2206 | EW6: N | EY6: US | FB6: N | FE6: 001 | FF6: 01 | FH6: 1 | FI6: EA | FJ6: 2238.47 | FK6: 2238.47 | FL6: 0190-75984B | FM6: SLIP RING ASSY, ENCLOSED, 8 CIRCUIT | GA6: =A6 -> 4388426100289X | GB6: =VLOOKUP(B6,수출코드!$C$2:$D$4,2,FALSE) -> Suwon | GC6: =VLOOKUP(L6,수출코드!$A$2:$B$6,2,FALSE) | GD6: =VLOOKUP(M6,수출코드!$E$2:$F$5,2,FALSE) -> 일반 | GE6: =DATE(LEFT(GI6,4),MID(GI6,5,2),MID(GI6,7,2))+TIME(MID(GI6,10,2),MID(GI6,12,2),"00") -> 45975.658 | GF6: =DATE(LEFT(ED6,4),MID(ED6,5,2),MID(ED6,7,2))+TIME(MID(ED6,9,2),MID(ED6,11,2),"00") -> 46048.393 | GI6: 20251114 154838
A7: 4388426100290X | B7: 021 | C7: D9 | D7: 26 | E7: 4388426100290X | G7: 2026 | H7: 100290 | I7: X | J7: 20260126 | K7: H | L7: A | M7: 11 | N7: A | O7: TT | P7: 관세법인 정상 경기지사 | Q7: AMAT | R7: 어플라이드머티어리얼즈코리아 | S7: 어플라이1931018 | T7: C | U7: AMAT | V7: 어플라이드머티어리얼즈코리아 | W7: 경기도 성남시 분당구 양현로 322 (코리아디자인센터빌딩5층) | X7: 박광선 | Y7: 어플라이1931018 | Z7: 3128114779 | AA7: 13496 | AB7: 0000 | AC7: 0001 | AD7: 미상 | AG7: 제조미상9999000 | AH7: 01 | AI7: 7701031012021 | AK7: DEAPPLIE0017M | AL7: APPLIED MATERIALS EUROPE BV | AM7: 1 | AN7: 13496 | AP7: DE | AQ7: GERMANY | AR7: ICN | AS7: 인천공항 | AT7: 40 | AU7: ETC | AV7: 20260126 | AW7: 17118 | AX7: 캔달스퀘어 남사로지스틱스파크 | AZ7: 703684682 | BB7: Y | BD7: DGF/DP01/7057 | BE7: 2026-01-26 11:17:38 | BG7: 001 | BH7: 8 | BI7: KG | BJ7: 1 | BK7: 1473.06 | BL7: 5402042 | BM7: 3667 | BN7: DAP | BO7: USD | BP7: 1473.06 | BQ7: 3739.32 | BR7: O | BS7: KRW | BT7: 1 | BU7: 106200 | BV7: 106200 | BW7: USD | BX7: 1473.06 | BY7: 0 | BZ7: 0 | CA7: USD | CB7: 1473.06 | CC7: 0 | CD7: 0 | CI7: AB | CL7: 20260126 | CN7: 완료 | CO7: 수리 | CU7: N | CX7: 20260225 | CZ7: N | DB7: NO | DC7: 999 | DD7: A | DE7: CT | DF7: INV.703684682 | DG7: 이성종 | DH7: N | DR7: 04099999 | DU7: 공통 | DV7: 20260127 | DX7: I241789 | DY7: Y | EA7: 경기도 용인시 처인구 남사읍 당하로 114 | EB7: 0 | EC7: 공통 | ED7: 202601261133 | EE7: 001 | EF7: 7020001019 | EG7: 703684682 | EH7: 3.45 | EI7: KG | EJ7: 1 | EK7: U | EL7: 1 | EM7: CT | EN7: 3.45 | EO7: OTHER ARTICLES OF GLASS | EP7: SIX ARM SUSCEPTOR SUPPORT SHAFT | EQ7: 3739.32 | ER7: 3739.32 | ES7: 5402042 | ET7: 3667 | EW7: N | EY7: US | FB7: N | FE7: 001 | FF7: 01 | FH7: 1 | FI7: EA | FJ7: 3739.32 | FK7: 3739.32 | FL7: 0200-05388 | FM7: SIX ARM SUSCEPTOR SUPPORT SHAFT | GA7: =A7 -> 4388426100290X | GB7: =VLOOKUP(B7,수출코드!$C$2:$D$4,2,FALSE) -> Suwon | GC7: =VLOOKUP(L7,수출코드!$A$2:$B$6,2,FALSE) | GD7: =VLOOKUP(M7,수출코드!$E$2:$F$5,2,FALSE) -> 일반 | GE7: =DATE(LEFT(GI7,4),MID(GI7,5,2),MID(GI7,7,2))+TIME(MID(GI7,10,2),MID(GI7,12,2),"00") -> 45975.658 | GF7: =DATE(LEFT(ED7,4),MID(ED7,5,2),MID(ED7,7,2))+TIME(MID(ED7,9,2),MID(ED7,11,2),"00") -> 46048.481 | GI7: 20251114 154838
A8: 4388426100291X | B8: 021 | C8: D9 | D8: 26 | E8: 4388426100291X | G8: 2026 | H8: 100291 | I8: X | J8: 20260126 | K8: H | L8: A | M8: 11 | N8: A | O8: TT | P8: 관세법인 정상 경기지사 | Q8: AMAT | R8: 어플라이드머티어리얼즈코리아 | S8: 어플라이1931018 | T8: C | U8: AMAT | V8: 어플라이드머티어리얼즈코리아 | W8: 경기도 성남시 분당구 양현로 322 (코리아디자인센터빌딩5층) | X8: 박광선 | Y8: 어플라이1931018 | Z8: 3128114779 | AA8: 13496 | AB8: 0000 | AC8: 0001 | AD8: 미상 | AG8: 제조미상9999000 | AH8: 01 | AI8: 7701031012021 | AK8: USAPPLIE0161R | AL8: APPLIED MATERIAL INC | AM8: 1 | AN8: 13496 | AP8: US | AQ8: U.S.A | AR8: ICN | AS8: 인천공항 | AT8: 40 | AU8: ETC | AV8: 20260126 | AW8: 17118 | AX8: 캔달스퀘어 남사로지스틱스파크 | AZ8: 703684684 | BB8: Y | BD8: DGF/DP01/7057 | BE8: 2026-01-26 11:17:38 | BG8: 001 | BH8: 1 | BI8: KG | BJ8: 1 | BK8: 1473.06 | BL8: 223475 | BM8: 152 | BN8: DAP | BO8: USD | BP8: 1473.06 | BQ8: 174.45 | BR8: O | BS8: KRW | BT8: 1 | BU8: 33500 | BV8: 33500 | BW8: USD | BX8: 1473.06 | BY8: 0 | BZ8: 0 | CA8: USD | CB8: 1473.06 | CC8: 0 | CD8: 0 | CI8: AB | CL8: 20260126 | CN8: 완료 | CO8: 수리 | CU8: N | CX8: 20260225 | CZ8: N | DB8: NO | DC8: 999 | DD8: A | DE8: CT | DF8: INV.703684684 | DG8: 이성종 | DH8: N | DR8: 04099999 | DU8: 공통 | DV8: 20260127 | DX8: I241786 | DY8: Y | EA8: 경기도 용인시 처인구 남사읍 당하로 114 | EB8: 0 | EC8: 공통 | ED8: 202601261133 | EE8: 001 | EF8: 8544422090 | EG8: 703684684 | EH8: 0.499 | EI8: KG | EJ8: 0 | EL8: 1 | EM8: CT | EN8: 0.499 | EO8: FITTED WITH CONNECTORS PLASTIC INSULATED WIRE | EP8: HARNESS PFG CNTRL, ADIO PFGCONTROL, | EQ8: 174.45 | ER8: 174.45 | ES8: 223475 | ET8: 152 | EW8: N | EY8: US | FB8: N | FE8: 001 | FF8: 01 | FH8: 1 | FI8: EA | FJ8: 174.45 | FK8: 174.45 | FL8: E16417090 | FM8: HARNESS PFG CNTRL, ADIO PFGCONTROL, | GA8: =A8 -> 4388426100291X | GB8: =VLOOKUP(B8,수출코드!$C$2:$D$4,2,FALSE) -> Suwon | GC8: =VLOOKUP(L8,수출코드!$A$2:$B$6,2,FALSE) | GD8: =VLOOKUP(M8,수출코드!$E$2:$F$5,2,FALSE) -> 일반 | GE8: =DATE(LEFT(GI8,4),MID(GI8,5,2),MID(GI8,7,2))+TIME(MID(GI8,10,2),MID(GI8,12,2),"00") -> 45975.658 | GF8: =DATE(LEFT(ED8,4),MID(ED8,5,2),MID(ED8,7,2))+TIME(MID(ED8,9,2),MID(ED8,11,2),"00") -> 46048.481 | GI8: 20251114 154838
A9: 4388426100292X | B9: 021 | C9: D9 | D9: 26 | E9: 4388426100292X | G9: 2026 | H9: 100292 | I9: X | J9: 20260126 | K9: H | L9: A | M9: 11 | N9: A | O9: TT | P9: 관세법인 정상 경기지사 | Q9: AMAT | R9: 어플라이드머티어리얼즈코리아 | S9: 어플라이1931018 | T9: C | U9: AMAT | V9: 어플라이드머티어리얼즈코리아 | W9: 경기도 성남시 분당구 양현로 322 (코리아디자인센터빌딩5층) | X9: 박광선 | Y9: 어플라이1931018 | Z9: 3128114779 | AA9: 13496 | AB9: 0000 | AC9: 0001 | AD9: 미상 | AG9: 제조미상9999000 | AH9: 01 | AI9: 7701031012021 | AK9: CNAPPLIE0052L | AL9: APPLIED MATERIALS SOUTH EAST ASIA PETLTD C/O LIAONING JD LOG | AM9: 1 | AN9: 13496 | AP9: CN | AQ9: PRC | AR9: ICN | AS9: 인천공항 | AT9: 40 | AU9: ETC | AV9: 20260126 | AW9: 17118 | AX9: 캔달스퀘어 남사로지스틱스파크 | AZ9: 703684690 | BB9: Y | BD9: DGF/DP01/7057 | BE9: 2026-01-26 11:17:38 | BG9: 001 | BH9: 4 | BI9: KG | BJ9: 1 | BK9: 1473.06 | BL9: 641678 | BM9: 436 | BN9: DAP | BO9: USD | BP9: 1473.06 | BQ9: 467.38 | BR9: O | BS9: KRW | BT9: 1 | BU9: 46800 | BV9: 46800 | BW9: USD | BX9: 1473.06 | BY9: 0 | BZ9: 0 | CA9: USD | CB9: 1473.06 | CC9: 0 | CD9: 0 | CI9: AB | CL9: 20260126 | CN9: 완료 | CO9: 수리 | CU9: N | CX9: 20260225 | CZ9: N | DB9: NO | DC9: 999 | DD9: A | DE9: CT | DF9: INV.703684690 | DG9: 이성종 | DH9: N | DR9: 04099999 | DU9: 공통 | DV9: 20260127 | DX9: I241783 | DY9: Y | EA9: 경기도 용인시 처인구 남사읍 당하로 114 | EB9: 0 | EC9: 공통 | ED9: 202601261133 | EE9: 001 | EF9: 3917329000 | EG9: 703684690 | EH9: 2.08 | EI9: KG | EJ9: 0 | EL9: 1 | EM9: CT | EN9: 2.08 | EO9: TUBES, PIPES AND HOSES, RIGID | EP9: TBG 1/4 OD 5/32 ID PFA 100MROLL | EQ9: 467.38 | ER9: 467.38 | ES9: 641678 | ET9: 436 | EW9: N | EY9: JP | FB9: N | FE9: 001 | FF9: 01 | FH9: 52 | FI9: M | FJ9: 467.38 | FK9: 8.988 | FL9: 3860-02338 | FM9: TBG 1/4 OD 5/32 ID PFA 100MROLL | GA9: =A9 -> 4388426100292X | GB9: =VLOOKUP(B9,수출코드!$C$2:$D$4,2,FALSE) -> Suwon | GC9: =VLOOKUP(L9,수출코드!$A$2:$B$6,2,FALSE) | GD9: =VLOOKUP(M9,수출코드!$E$2:$F$5,2,FALSE) -> 일반 | GE9: =DATE(LEFT(GI9,4),MID(GI9,5,2),MID(GI9,7,2))+TIME(MID(GI9,10,2),MID(GI9,12,2),"00") -> 45975.658 | GF9: =DATE(LEFT(ED9,4),MID(ED9,5,2),MID(ED9,7,2))+TIME(MID(ED9,9,2),MID(ED9,11,2),"00") -> 46048.481 | GI9: 20251114 154838
A10: 4388426100294X | B10: 021 | C10: D9 | D10: 26 | E10: 4388426100294X | G10: 2026 | H10: 100294 | I10: X | J10: 20260126 | K10: H | L10: A | M10: 11 | N10: A | O10: TT | P10: 관세법인 정상 경기지사 | Q10: AMAT | R10: 어플라이드머티어리얼즈코리아 | S10: 어플라이1931018 | T10: C | U10: AMAT | V10: 어플라이드머티어리얼즈코리아 | W10: 경기도 성남시 분당구 양현로 322 (코리아디자인센터빌딩5층) | X10: 박광선 | Y10: 어플라이1931018 | Z10: 3128114779 | AA10: 13496 | AB10: 0000 | AC10: 0001 | AD10: 미상 | AG10: 제조미상9999000 | AH10: 01 | AI10: 7701031012021 | AK10: DEAPPLIE0017M | AL10: APPLIED MATERIALS EUROPE BV | AM10: 1 | AN10: 13496 | AP10: DE | AQ10: GERMANY | AR10: ICN | AS10: 인천공항 | AT10: 40 | AU10: ETC | AV10: 20260126 | AW10: 17118 | AX10: 캔달스퀘어 남사로지스틱스파크 | AZ10: 703684947 | BB10: Y | BD10: DHL/DP04/7057 | BE10: 2026-01-26 16:19:36 | BG10: 004 | BH10: 32 | BI10: KG | BJ10: 1 | BK10: 1473.06 | BL10: 21701710 | BM10: 14732 | BN10: DAP | BO10: USD | BP10: 1473.06 | BQ10: 14969.46 | BR10: O | BS10: KRW | BT10: 1 | BU10: 349200 | BV10: 349200 | BW10: USD | BX10: 1473.06 | BY10: 0 | BZ10: 0 | CA10: USD | CB10: 1473.06 | CC10: 0 | CD10: 0 | CI10: AB | CL10: 20260126 | CN10: 완료 | CO10: 수리 | CU10: N | CX10: 20260225 | CZ10: N | DB10: NO | DC10: 999 | DD10: A | DE10: CT | DF10: INV.703684947 | DG10: 이성종 | DH10: N | DR10: 04099999 | DU10: 공통 | DV10: 20260128 | DX10: 3250223546 | DY10: Y | EA10: 경기도 용인시 처인구 남사읍 당하로 114 | EB10: 0 | EC10: 공통 | ED10: 202601261643 | EE10: 001 | EF10: 8481801030 | EG10: 703684947 | EH10: 21 | EI10: KG | EJ10: 0 | EL10: 1 | EM10: CT | EN10: 21 | EO10: OTHER AUTOMATICALLY CONTROLLED | EP10: BALL VALVE, PNEU N/C 2.0DIA SST, KF50, 9. | EQ10: 9901.5 | ER10: 9901.5 | ES10: 14354526 | ET10: 9745 | EW10: N | EY10: US | FB10: N | FE10: 001 | FF10: 01 | FH10: 2 | FI10: EA | FJ10: 9901.5 | FK10: 4950.75 | FL10: 0190-53731W | FM10: BALL VALVE, PNEU N/C 2.0DIA SST, KF50, 9. | GA10: =A10 -> 4388426100294X | GB10: =VLOOKUP(B10,수출코드!$C$2:$D$4,2,FALSE) -> Suwon | GC10: =VLOOKUP(L10,수출코드!$A$2:$B$6,2,FALSE) | GD10: =VLOOKUP(M10,수출코드!$E$2:$F$5,2,FALSE) -> 일반 | GE10: =DATE(LEFT(GI10,4),MID(GI10,5,2),MID(GI10,7,2))+TIME(MID(GI10,10,2),MID(GI10,12,2),"00") -> 45975.658 | GF10: =DATE(LEFT(ED10,4),MID(ED10,5,2),MID(ED10,7,2))+TIME(MID(ED10,9,2),MID(ED10,11,2),"00") -> 46048.697 | GI10: 20251114 154838
A11: 4388426100295X | B11: 021 | C11: D9 | D11: 26 | E11: 4388426100295X | G11: 2026 | H11: 100295 | I11: X | J11: 20260126 | K11: H | L11: A | M11: 11 | N11: A | O11: TT | P11: 관세법인 정상 경기지사 | Q11: AMAT | R11: 어플라이드머티어리얼즈코리아 | S11: 어플라이1931018 | T11: C | U11: AMAT | V11: 어플라이드머티어리얼즈코리아 | W11: 경기도 성남시 분당구 양현로 322 (코리아디자인센터빌딩5층) | X11: 박광선 | Y11: 어플라이1931018 | Z11: 3128114779 | AA11: 13496 | AB11: 0000 | AC11: 0001 | AD11: 미상 | AG11: 제조미상9999000 | AH11: 01 | AI11: 7701031012021 | AK11: IEAPPLIE0007G | AL11: APPLIED MATERIALS IRELAND | AM11: 1 | AN11: 13496 | AP11: IE | AQ11: IRELAND | AR11: ICN | AS11: 인천공항 | AT11: 40 | AU11: ETC | AV11: 20260126 | AW11: 17118 | AX11: 캔달스퀘어 남사로지스틱스파크 | AZ11: 703684952 | BB11: Y | BD11: DHL/DP04/7057 | BE11: 2026-01-26 16:19:36 | BG11: 004 | BH11: 35 | BI11: KG | BJ11: 2 | BK11: 1473.06 | BL11: 87959340 | BM11: 59712 | BN11: DAP | BO11: USD | BP11: 1473.06 | BQ11: 60006.07 | BR11: O | BS11: KRW | BT11: 1 | BU11: 433200 | BV11: 433200 | BW11: USD | BX11: 1473.06 | BY11: 0 | BZ11: 0 | CA11: USD | CB11: 1473.06 | CC11: 0 | CD11: 0 | CI11: AB | CL11: 20260126 | CN11: 완료 | CO11: 수리 | CU11: N | CX11: 20260225 | CZ11: N | DB11: NO | DC11: 999 | DD11: A | DE11: CT | DF11: INV.703684952 | DG11: 이성종 | DH11: N | DR11: 04099999 | DU11: 공통 | DV11: 20260128 | DX11: 6575058464 | DY11: Y | EA11: 경기도 용인시 처인구 남사읍 당하로 114 | EB11: 0 | EC11: 공통 | ED11: 202601261643 | EE11: 001 | EF11: 9032894091 | EG11: 703684952 | EH11: 1 | EI11: KG | EJ11: 1 | EK11: U | EL11: 2 | EM11: CT | EN11: 1 | EO11: OF MACHINES FOR MAKING SEMICONDUCTOR DEVICES | EP11: MFC GF120 30SLM O2 1/4VCR MTL N/C 9P-D 4 | EQ11: 2415 | ER11: 2415 | ES11: 3540005 | ET11: 2403 | EW11: N | EY11: US | FB11: N | FE11: 001 | FF11: 01 | FH11: 1 | FI11: EA | FJ11: 2415 | FK11: 2415 | FL11: 3030-16835W | FM11: MFC GF120 30SLM O2 1/4VCR MTL N/C 9P-D 4 | GA11: =A11 -> 4388426100295X | GB11: =VLOOKUP(B11,수출코드!$C$2:$D$4,2,FALSE) -> Suwon | GC11: =VLOOKUP(L11,수출코드!$A$2:$B$6,2,FALSE) | GD11: =VLOOKUP(M11,수출코드!$E$2:$F$5,2,FALSE) -> 일반 | GE11: =DATE(LEFT(GI11,4),MID(GI11,5,2),MID(GI11,7,2))+TIME(MID(GI11,10,2),MID(GI11,12,2),"00") -> 45975.658 | GF11: =DATE(LEFT(ED11,4),MID(ED11,5,2),MID(ED11,7,2))+TIME(MID(ED11,9,2),MID(ED11,11,2),"00") -> 46048.697 | GI11: 20251114 154838
A12: 4388426100296X | B12: 021 | C12: D9 | D12: 26 | E12: 4388426100296X | G12: 2026 | H12: 100296 | I12: X | J12: 20260126 | K12: H | L12: A | M12: 11 | N12: A | O12: TT | P12: 관세법인 정상 경기지사 | Q12: AMAT | R12: 어플라이드머티어리얼즈코리아 | S12: 어플라이1931018 | T12: C | U12: AMAT | V12: 어플라이드머티어리얼즈코리아 | W12: 경기도 성남시 분당구 양현로 322 (코리아디자인센터빌딩5층) | X12: 박광선 | Y12: 어플라이1931018 | Z12: 3128114779 | AA12: 13496 | AB12: 0000 | AC12: 0001 | AD12: 미상 | AG12: 제조미상9999000 | AH12: 01 | AI12: 7701031012021 | AK12: JPAPPLIE0042L | AL12: APPLIED MATERIALS JAPAN INC | AM12: 1 | AN12: 13496 | AP12: JP | AQ12: JAPAN | AR12: ICN | AS12: 인천공항 | AT12: 40 | AU12: ETC | AV12: 20260126 | AW12: 17118 | AX12: 캔달스퀘어 남사로지스틱스파크 | AZ12: 703684953 | BB12: Y | BD12: DHL/DP04/7057 | BE12: 2026-01-26 16:19:36 | BG12: 003 | BH12: 31 | BI12: KG | BJ12: 2 | BK12: 1473.06 | BL12: 41100624 | BM12: 27902 | BN12: DAP | BO12: USD | BP12: 1473.06 | BQ12: 28002.95 | BR12: O | BS12: KRW | BT12: 1 | BU12: 149400 | BV12: 149400 | BW12: USD | BX12: 1473.06 | BY12: 0 | BZ12: 0 | CA12: USD | CB12: 1473.06 | CC12: 0 | CD12: 0 | CI12: AB | CL12: 20260126 | CN12: 완료 | CO12: 수리 | CU12: N | CX12: 20260225 | CZ12: N | DB12: NO | DC12: 999 | DD12: A | DE12: CT | DF12: INV.703684953 | DG12: 이성종 | DH12: N | DR12: 04099999 | DU12: 공통 | DV12: 20260127 | DX12: 6575058766 | DY12: Y | EA12: 경기도 용인시 처인구 남사읍 당하로 114 | EB12: 0 | EC12: 공통 | ED12: 202601261643 | EE12: 001 | EF12: 8501510000 | EG12: 703684953 | EH12: 7 | EI12: KG | EJ12: 1 | EK12: U | EL12: 2 | EM12: CT | EN12: 7 | EO12: MULTI-PHASE AC MOTORS OF AN OUTPUT NOT EXCEEDING 7 | EP12: ACTUATOR SFV | EQ12: 7109.98 | ER12: 7109.98 | ES12: 10435494 | ET12: 7084 | EW12: N | EY12: CH | FB12: N | FE12: 001 | FF12: 01 | FH12: 1 | FI12: EA | FJ12: 7109.98 | FK12: 7109.98 | FL12: 0520-00306W | FM12: ACTUATOR SFV | GA12: =A12 -> 4388426100296X | GB12: =VLOOKUP(B12,수출코드!$C$2:$D$4,2,FALSE) -> Suwon | GC12: =VLOOKUP(L12,수출코드!$A$2:$B$6,2,FALSE) | GD12: =VLOOKUP(M12,수출코드!$E$2:$F$5,2,FALSE) -> 일반 | GE12: =DATE(LEFT(GI12,4),MID(GI12,5,2),MID(GI12,7,2))+TIME(MID(GI12,10,2),MID(GI12,12,2),"00") -> 45971.393 | GF12: =DATE(LEFT(ED12,4),MID(ED12,5,2),MID(ED12,7,2))+TIME(MID(ED12,9,2),MID(ED12,11,2),"00") -> 46048.697 | GI12: 20251110 092628
A13: 4388426100297X | B13: 021 | C13: D9 | D13: 26 | E13: 4388426100297X | G13: 2026 | H13: 100297 | I13: X | J13: 20260126 | K13: H | L13: A | M13: 11 | N13: A | O13: TT | P13: 관세법인 정상 경기지사 | Q13: AMAT | R13: 어플라이드머티어리얼즈코리아 | S13: 어플라이1931018 | T13: C | U13: AMAT | V13: 어플라이드머티어리얼즈코리아 | W13: 경기도 성남시 분당구 양현로 322 (코리아디자인센터빌딩5층) | X13: 박광선 | Y13: 어플라이1931018 | Z13: 3128114779 | AA13: 13496 | AB13: 0000 | AC13: 0001 | AD13: 미상 | AG13: 제조미상9999000 | AH13: 01 | AI13: 7701031012021 | AK13: CNAPPLIE0085Z | AL13: APPLIED MATERIALS SOUTHEAST ASIA PTE LTD CO HEFEI BONDEX FTZ | AM13: 1 | AN13: 13496 | AP13: CN | AQ13: PRC | AR13: ICN | AS13: 인천공항 | AT13: 40 | AU13: ETC | AV13: 20260126 | AW13: 17118 | AX13: 캔달스퀘어 남사로지스틱스파크 | AZ13: 703684954 | BB13: Y | BD13: DHL/DP04/7057 | BE13: 2026-01-26 16:19:36 | BG13: 001 | BH13: 29 | BI13: KG | BJ13: 1 | BK13: 1473.06 | BL13: 18841929 | BM13: 12791 | BN13: DAP | BO13: USD | BP13: 1473.06 | BQ13: 12896.1 | BR13: O | BS13: KRW | BT13: 1 | BU13: 154800 | BV13: 154800 | BW13: USD | BX13: 1473.06 | BY13: 0 | BZ13: 0 | CA13: USD | CB13: 1473.06 | CC13: 0 | CD13: 0 | CI13: AB | CL13: 20260126 | CN13: 완료 | CO13: 수리 | CU13: N | CX13: 20260225 | CZ13: N | DB13: NO | DC13: 999 | DD13: A | DE13: CT | DF13: INV.703684954 | DG13: 이성종 | DH13: N | DR13: 04099999 | DU13: 공통 | DV13: 20260127 | DX13: 6575060225 | DY13: Y | EA13: 경기도 용인시 처인구 남사읍 당하로 114 | EB13: 0 | EC13: 공통 | ED13: 202601261650 | EE13: 001 | EF13: 8504401090 | EG13: 703684954 | EH13: 28 | EI13: KG | EJ13: 1 | EK13: U | EL13: 1 | EM13: CT | EN13: 28 | EO13: OTHER RECTIFIERS AND RECTIFYING APPARATUS | EP13: W',DUAL HV PS -40KVX10+5MA,2MA ISINK | EQ13: 12896.1 | ER13: 12896.1 | ES13: 18841929 | ET13: 12791 | EW13: N | EY13: CN | FB13: N | FE13: 001 | FF13: 01 | FH13: 1 | FI13: EA | FJ13: 12896.1 | FK13: 12896.1 | FL13: E19295184W | FM13: W',DUAL HV PS -40KVX10+5mA,2mA ISINK | GA13: =A13 -> 4388426100297X | GB13: =VLOOKUP(B13,수출코드!$C$2:$D$4,2,FALSE) -> Suwon | GC13: =VLOOKUP(L13,수출코드!$A$2:$B$6,2,FALSE) | GD13: =VLOOKUP(M13,수출코드!$E$2:$F$5,2,FALSE) -> 일반 | GE13: =DATE(LEFT(GI13,4),MID(GI13,5,2),MID(GI13,7,2))+TIME(MID(GI13,10,2),MID(GI13,12,2),"00") -> 45971.393 | GF13: =DATE(LEFT(ED13,4),MID(ED13,5,2),MID(ED13,7,2))+TIME(MID(ED13,9,2),MID(ED13,11,2),"00") -> 46048.701 | GI13: 20251110 092642
A14: 4388426100298X | B14: 021 | C14: D9 | D14: 26 | E14: 4388426100298X | G14: 2026 | H14: 100298 | I14: X | J14: 20260126 | K14: H | L14: A | M14: 11 | N14: A | O14: TT | P14: 관세법인 정상 경기지사 | Q14: AMAT | R14: 어플라이드머티어리얼즈코리아 | S14: 어플라이1931018 | T14: C | U14: AMAT | V14: 어플라이드머티어리얼즈코리아 | W14: 경기도 성남시 분당구 양현로 322 (코리아디자인센터빌딩5층) | X14: 박광선 | Y14: 어플라이1931018 | Z14: 3128114779 | AA14: 13496 | AB14: 0000 | AC14: 0001 | AD14: 미상 | AG14: 제조미상9999000 | AH14: 01 | AI14: 7701031012021 | AK14: CNAPPLIE0052L | AL14: APPLIED MATERIALS SOUTH EAST ASIA PETLTD C/O LIAONING JD LOG | AM14: 1 | AN14: 13496 | AP14: CN | AQ14: PRC | AR14: ICN | AS14: 인천공항 | AT14: 40 | AU14: ETC | AV14: 20260126 | AW14: 17118 | AX14: 캔달스퀘어 남사로지스틱스파크 | AZ14: 703684955 | BB14: Y | BD14: DHL/DP04/7057 | BE14: 2026-01-26 16:19:36 | BG14: 001 | BH14: 1 | BI14: KG | BJ14: 1 | BK14: 1473.06 | BL14: 1180015 | BM14: 801 | BN14: DAP | BO14: USD | BP14: 1473.06 | BQ14: 815.32 | BR14: O | BS14: KRW | BT14: 1 | BU14: 21000 | BV14: 21000 | BW14: USD | BX14: 1473.06 | BY14: 0 | BZ14: 0 | CA14: USD | CB14: 1473.06 | CC14: 0 | CD14: 0 | CI14: AB | CL14: 20260126 | CN14: 완료 | CO14: 수리 | CU14: N | CX14: 20260225 | CZ14: N | DB14: NO | DC14: 999 | DD14: A | DE14: CT | DF14: INV.703684955 | DG14: 이성종 | DH14: N | DR14: 04099999 | DU14: 공통 | DV14: 20260128 | DX14: 6575061010 | DY14: Y | EA14: 경기도 용인시 처인구 남사읍 당하로 114 | EB14: 0 | EC14: 공통 | ED14: 202601261650 | EE14: 001 | EF14: 8516800000 | EG14: 703684955 | EH14: 1 | EI14: KG | EJ14: 1 | EK14: U | EL14: 1 | EM14: CT | EN14: 1 | EO14: ELECTRIC HEATING RESISTORS | EP14: HEATER JACKET, 2ND DIVERT FORELINE, PROD | EQ14: 815.32 | ER14: 815.32 | ES14: 1180015 | ET14: 801 | EW14: N | EY14: VN | FB14: N | FE14: 001 | FF14: 01 | FH14: 1 | FI14: EA | FJ14: 815.32 | FK14: 815.32 | FL14: 0190-49038 | FM14: HEATER JACKET, 2ND DIVERT FORELINE, PROD | GA14: =A14 -> 4388426100298X | GB14: =VLOOKUP(B14,수출코드!$C$2:$D$4,2,FALSE) -> Suwon | GC14: =VLOOKUP(L14,수출코드!$A$2:$B$6,2,FALSE) | GD14: =VLOOKUP(M14,수출코드!$E$2:$F$5,2,FALSE) -> 일반 | GE14: =DATE(LEFT(GI14,4),MID(GI14,5,2),MID(GI14,7,2))+TIME(MID(GI14,10,2),MID(GI14,12,2),"00") -> 45971.415 | GF14: =DATE(LEFT(ED14,4),MID(ED14,5,2),MID(ED14,7,2))+TIME(MID(ED14,9,2),MID(ED14,11,2),"00") -> 46048.701 | GI14: 20251110 095805
A15: 4388426100299X | B15: 021 | C15: D9 | D15: 26 | E15: 4388426100299X | G15: 2026 | H15: 100299 | I15: X | J15: 20260126 | K15: H | L15: A | M15: 11 | N15: A | O15: TT | P15: 관세법인 정상 경기지사 | Q15: AMAT | R15: 어플라이드머티어리얼즈코리아 | S15: 어플라이1931018 | T15: C | U15: AMAT | V15: 어플라이드머티어리얼즈코리아 | W15: 경기도 성남시 분당구 양현로 322 (코리아디자인센터빌딩5층) | X15: 박광선 | Y15: 어플라이1931018 | Z15: 3128114779 | AA15: 13496 | AB15: 0000 | AC15: 0001 | AD15: 미상 | AG15: 제조미상9999000 | AH15: 01 | AI15: 7701031012021 | AK15: CNAPPLIE0103S | AL15: APPLIED MATERIALS SOUTHEAST ASIA PT | AM15: 1 | AN15: 13496 | AP15: CN | AQ15: PRC | AR15: ICN | AS15: 인천공항 | AT15: 40 | AU15: ETC | AV15: 20260126 | AW15: 17118 | AX15: 캔달스퀘어 남사로지스틱스파크 | AZ15: 703684957 | BB15: Y | BD15: DHL/DP04/7057 | BE15: 2026-01-26 16:19:36 | BG15: 002 | BH15: 1 | BI15: KG | BJ15: 1 | BK15: 1473.06 | BL15: 1501112 | BM15: 1019 | BN15: DAP | BO15: USD | BP15: 1473.06 | BQ15: 1033.3 | BR15: O | BS15: KRW | BT15: 1 | BU15: 21000 | BV15: 21000 | BW15: USD | BX15: 1473.06 | BY15: 0 | BZ15: 0 | CA15: USD | CB15: 1473.06 | CC15: 0 | CD15: 0 | CI15: AB | CL15: 20260126 | CN15: 완료 | CO15: 수리 | CU15: N | CX15: 20260225 | CZ15: N | DB15: NO | DC15: 999 | DD15: A | DE15: CT | DF15: INV.703684957 | DG15: 이성종 | DH15: N | DR15: 04099999 | DU15: 공통 | DV15: 20260127 | DX15: 1226420086 | DY15: Y | EA15: 경기도 용인시 처인구 남사읍 당하로 114 | EB15: 0 | EC15: 공통 | ED15: 202601261650 | EE15: 001 | EF15: 7318240000 | EG15: 703684957 | EH15: 0.018 | EI15: KG | EJ15: 0 | EL15: 1 | EM15: CT | EN15: 0.018 | EO15: COTTERS AND COTTER-PINS | EP15: RTNR RING, EXT, SHAFT DIA 5MM, PK 10 | EQ15: 510.05 | ER15: 510.05 | ES15: 740968 | ET15: 503 | EW15: N | EY15: US | FB15: N | FE15: 001 | FF15: 01 | FH15: 18 | FI15: PK | FJ15: 510.05 | FK15: 28.336 | FL15: 3630-00604 | FM15: RTNR RING, EXT, SHAFT DIA 5MM, PK 10 | GA15: =A15 -> 4388426100299X | GB15: =VLOOKUP(B15,수출코드!$C$2:$D$4,2,FALSE) -> Suwon | GC15: =VLOOKUP(L15,수출코드!$A$2:$B$6,2,FALSE) | GD15: =VLOOKUP(M15,수출코드!$E$2:$F$5,2,FALSE) -> 일반 | GE15: =DATE(LEFT(GI15,4),MID(GI15,5,2),MID(GI15,7,2))+TIME(MID(GI15,10,2),MID(GI15,12,2),"00") -> 45971.447 | GF15: =DATE(LEFT(ED15,4),MID(ED15,5,2),MID(ED15,7,2))+TIME(MID(ED15,9,2),MID(ED15,11,2),"00") -> 46048.701 | GI15: 20251110 104435
A16: 4388426100300X | B16: 021 | C16: D9 | D16: 26 | E16: 4388426100300X | G16: 2026 | H16: 100300 | I16: X | J16: 20260126 | K16: H | L16: A | M16: 11 | N16: A | O16: TT | P16: 관세법인 정상 경기지사 | Q16: AMAT | R16: 어플라이드머티어리얼즈코리아 | S16: 어플라이1931018 | T16: C | U16: AMAT | V16: 어플라이드머티어리얼즈코리아 | W16: 경기도 성남시 분당구 양현로 322 (코리아디자인센터빌딩5층) | X16: 박광선 | Y16: 어플라이1931018 | Z16: 3128114779 | AA16: 13496 | AB16: 0000 | AC16: 0001 | AD16: 미상 | AG16: 제조미상9999000 | AH16: 01 | AI16: 7701031012021 | AK16: CNAPPLIE0074D | AL16: APPLIED MATERIALS SOUTH EAST ASIA PTELTD CO WUHAN HMG LOGIST | AM16: 1 | AN16: 13496 | AP16: CN | AQ16: PRC | AR16: ICN | AS16: 인천공항 | AT16: 40 | AU16: ETC | AV16: 20260126 | AW16: 17118 | AX16: 캔달스퀘어 남사로지스틱스파크 | AZ16: 703684958 | BB16: Y | BD16: DHL/DP04/7057 | BE16: 2026-01-26 16:19:36 | BG16: 002 | BH16: 6 | BI16: KG | BJ16: 1 | BK16: 1473.06 | BL16: 4406429 | BM16: 2991 | BN16: DAP | BO16: USD | BP16: 1473.06 | BQ16: 3028.41 | BR16: O | BS16: KRW | BT16: 1 | BU16: 54600 | BV16: 54600 | BW16: USD | BX16: 1473.06 | BY16: 0 | BZ16: 0 | CA16: USD | CB16: 1473.06 | CC16: 0 | CD16: 0 | CI16: AB | CL16: 20260126 | CN16: 완료 | CO16: 수리 | CU16: N | CX16: 20260225 | CZ16: N | DB16: NO | DC16: 999 | DD16: A | DE16: CT | DF16: INV.703684958 | DG16: 이성종 | DH16: N | DR16: 04099999 | DU16: 공통 | DV16: 20260127 | DX16: 1226420613 | DY16: Y | EA16: 경기도 용인시 처인구 남사읍 당하로 114 | EB16: 0 | EC16: 공통 | ED16: 202601261658 | EE16: 001 | EF16: 9001909000 | EG16: 703684958 | EH16: 0.118 | EI16: KG | EJ16: 0 | EL16: 1 | EM16: CT | EN16: 0.118 | EO16: OTHER OPTICAL FIBRES AND OPTICAL FIBRE BUNDLES, CA | EP16: WINDOW QUARTZ UV FILTER LWP 400 CVD | EQ16: 573.16 | ER16: 573.16 | ES16: 833965 | ET16: 566 | EW16: N | EY16: US | FB16: N | FE16: 001 | FF16: 01 | FH16: 1 | FI16: EA | FJ16: 573.16 | FK16: 573.16 | FL16: 0200-74006 | FM16: WINDOW QUARTZ UV FILTER LWP 400 CVD | GA16: =A16 -> 4388426100300X | GB16: =VLOOKUP(B16,수출코드!$C$2:$D$4,2,FALSE) -> Suwon | GC16: =VLOOKUP(L16,수출코드!$A$2:$B$6,2,FALSE) | GD16: =VLOOKUP(M16,수출코드!$E$2:$F$5,2,FALSE) -> 일반 | GE16: =DATE(LEFT(GI16,4),MID(GI16,5,2),MID(GI16,7,2))+TIME(MID(GI16,10,2),MID(GI16,12,2),"00") -> 45971.473 | GF16: =DATE(LEFT(ED16,4),MID(ED16,5,2),MID(ED16,7,2))+TIME(MID(ED16,9,2),MID(ED16,11,2),"00") -> 46048.707 | GI16: 20251110 112108
A17: 4388426100301X | B17: 021 | C17: D9 | D17: 26 | E17: 4388426100301X | G17: 2026 | H17: 100301 | I17: X | J17: 20260126 | K17: H | L17: A | M17: 11 | N17: A | O17: TT | P17: 관세법인 정상 경기지사 | Q17: AMAT | R17: 어플라이드머티어리얼즈코리아 | S17: 어플라이1931018 | T17: C | U17: AMAT | V17: 어플라이드머티어리얼즈코리아 | W17: 경기도 성남시 분당구 양현로 322 (코리아디자인센터빌딩5층) | X17: 박광선 | Y17: 어플라이1931018 | Z17: 3128114779 | AA17: 13496 | AB17: 0000 | AC17: 0001 | AD17: 미상 | AG17: 제조미상9999000 | AH17: 01 | AI17: 7701031012021 | AK17: CNAPPLIE0099S | AL17: APPLIED MATERIALS SOUTHEAST ASIA PTE LTD | AM17: 1 | AN17: 13496 | AP17: CN | AQ17: PRC | AR17: ICN | AS17: 인천공항 | AT17: 40 | AU17: ETC | AV17: 20260126 | AW17: 17118 | AX17: 캔달스퀘어 남사로지스틱스파크 | AZ17: 703684959 | BB17: Y | BD17: DHL/DP04/7057 | BE17: 2026-01-26 16:19:36 | BG17: 001 | BH17: 29 | BI17: KG | BJ17: 1 | BK17: 1473.06 | BL17: 18841929 | BM17: 12791 | BN17: DAP | BO17: USD | BP17: 1473.06 | BQ17: 12896.1 | BR17: O | BS17: KRW | BT17: 1 | BU17: 154800 | BV17: 154800 | BW17: USD | BX17: 1473.06 | BY17: 0 | BZ17: 0 | CA17: USD | CB17: 1473.06 | CC17: 0 | CD17: 0 | CI17: AB | CL17: 20260126 | CN17: 완료 | CO17: 수리 | CU17: N | CX17: 20260225 | CZ17: N | DB17: NO | DC17: 999 | DD17: A | DE17: CT | DF17: INV.703684959 | DG17: 이성종 | DH17: N | DR17: 04099999 | DU17: 공통 | DV17: 20260127 | DX17: 6575063165 | DY17: Y | EA17: 경기도 용인시 처인구 남사읍 당하로 114 | EB17: 0 | EC17: 공통 | ED17: 202601261658 | EE17: 001 | EF17: 8504401090 | EG17: 703684959 | EH17: 28 | EI17: KG | EJ17: 1 | EK17: U | EL17: 1 | EM17: CT | EN17: 28 | EO17: OTHER RECTIFIERS AND RECTIFYING APPARATUS | EP17: W',DUAL HV PS -40KVX10+5MA,2MA ISINK | EQ17: 12896.1 | ER17: 12896.1 | ES17: 18841929 | ET17: 12791 | EW17: N | EY17: MY | FB17: N | FE17: 001 | FF17: 01 | FH17: 1 | FI17: EA | FJ17: 12896.1 | FK17: 12896.1 | FL17: E19295184W | FM17: W',DUAL HV PS -40KVX10+5mA,2mA ISINK | GA17: =A17 -> 4388426100301X | GB17: =VLOOKUP(B17,수출코드!$C$2:$D$4,2,FALSE) -> Suwon | GC17: =VLOOKUP(L17,수출코드!$A$2:$B$6,2,FALSE) | GD17: =VLOOKUP(M17,수출코드!$E$2:$F$5,2,FALSE) -> 일반 | GE17: =DATE(LEFT(GI17,4),MID(GI17,5,2),MID(GI17,7,2))+TIME(MID(GI17,10,2),MID(GI17,12,2),"00") -> 45971.473 | GF17: =DATE(LEFT(ED17,4),MID(ED17,5,2),MID(ED17,7,2))+TIME(MID(ED17,9,2),MID(ED17,11,2),"00") -> 46048.707 | GI17: 20251110 112108
A18: 4388426100302X | B18: 021 | C18: D9 | D18: 26 | E18: 4388426100302X | G18: 2026 | H18: 100302 | I18: X | J18: 20260126 | K18: H | L18: P | M18: 11 | N18: A | O18: TT | P18: 관세법인 정상 경기지사 | Q18: AMAT | R18: 어플라이드머티어리얼즈코리아 | S18: 어플라이1931018 | T18: C | U18: AMAT | V18: 어플라이드머티어리얼즈코리아 | W18: 경기도 성남시 분당구 양현로 322 (코리아디자인센터빌딩5층) | X18: 박광선 | Y18: 어플라이1931018 | Z18: 3128114779 | AA18: 13496 | AB18: 0000 | AC18: 0001 | AD18: 미상 | AG18: 제조미상9999000 | AH18: 01 | AI18: 7701031012021 | AK18: CNAPPLIE0065F | AL18: APPLIED MATERIALS SOUTHEAST ASIA PTE LTD | AM18: 1 | AN18: 13496 | AP18: CN | AQ18: PRC | AR18: ICN | AS18: 인천공항 | AT18: 40 | AU18: ETC | AV18: 20260126 | AW18: 17118 | AX18: 캔달스퀘어 남사로지스틱스파크 | AZ18: 703684960 | BB18: Y | BD18: DHL/DP04/7057 | BE18: 2026-01-26 16:19:36 | BG18: 001 | BH18: 24 | BI18: KG | BJ18: 2 | BK18: 1473.06 | BL18: 46271846 | BM18: 31412 | BN18: DAP | BO18: USD | BP18: 1473.06 | BQ18: 31501.26 | BR18: O | BS18: KRW | BT18: 1 | BU18: 131400 | BV18: 131400 | BW18: USD | BX18: 1473.06 | BY18: 0 | BZ18: 0 | CA18: USD | CB18: 1473.06 | CC18: 0 | CD18: 0 | CI18: AB | CL18: 20260126 | CN18: 완료 | CO18: 수리 | CU18: N | CX18: 20260225 | CZ18: N | DB18: NO | DC18: 999 | DD18: A | DE18: CT | DF18: INV.703684960 | DG18: 이성종 | DH18: N | DR18: 04099999 | DU18: 공통 | DV18: 20260127 | DX18: 6175112414 | DY18: Y | DZ18: 서류 | EA18: 경기도 용인시 처인구 남사읍 당하로 114 | EB18: 0 | EC18: 공통 | ED18: 202601261743 | EE18: 001 | EF18: 8543709090 | EG18: 703684960 | EH18: 17.16 | EI18: KG | EJ18: 2 | EK18: U | EL18: 2 | EM18: CT | EN18: 17.16 | EO18: OTHER ELECTRICAL MACHINES AND APPARATUS | EP18: RF MATCH, 13.56 MHZ, 1.5 KW,85 A, MESA | EQ18: 31501.26 | ER18: 31501.26 | ES18: 46271846 | ET18: 31412 | EW18: N | EY18: CN | FB18: N | FE18: 001 | FF18: 01 | FH18: 2 | FI18: EA | FJ18: 31501.26 | FK18: 15750.63 | FL18: 0190-53531W | FM18: RF MATCH, 13.56 MHZ, 1.5 KW,85 A, MESA | GA18: =A18 -> 4388426100302X | GB18: =VLOOKUP(B18,수출코드!$C$2:$D$4,2,FALSE) -> Suwon | GC18: =VLOOKUP(L18,수출코드!$A$2:$B$6,2,FALSE) -> 서류제출 | GD18: =VLOOKUP(M18,수출코드!$E$2:$F$5,2,FALSE) -> 일반 | GE18: =DATE(LEFT(GI18,4),MID(GI18,5,2),MID(GI18,7,2))+TIME(MID(GI18,10,2),MID(GI18,12,2),"00") -> 45971.473 | GF18: =DATE(LEFT(ED18,4),MID(ED18,5,2),MID(ED18,7,2))+TIME(MID(ED18,9,2),MID(ED18,11,2),"00") -> 46048.738 | GI18: 20251110 112108
A19: 4388426100303X | B19: 021 | C19: D9 | D19: 26 | E19: 4388426100303X | G19: 2026 | H19: 100303 | I19: X | J19: 20260126 | K19: H | L19: A | M19: 11 | N19: A | O19: TT | P19: 관세법인 정상 경기지사 | Q19: AMAT | R19: 어플라이드머티어리얼즈코리아 | S19: 어플라이1931018 | T19: C | U19: AMAT | V19: 어플라이드머티어리얼즈코리아 | W19: 경기도 성남시 분당구 양현로 322 (코리아디자인센터빌딩5층) | X19: 박광선 | Y19: 어플라이1931018 | Z19: 3128114779 | AA19: 13496 | AB19: 0000 | AC19: 0001 | AD19: 미상 | AG19: 제조미상9999000 | AH19: 01 | AI19: 7701031012021 | AK19: DEAPPLIE0017M | AL19: APPLIED MATERIALS EUROPE BV | AM19: 1 | AN19: 13496 | AP19: DE | AQ19: GERMANY | AR19: ICN | AS19: 인천공항 | AT19: 40 | AU19: ETC | AV19: 20260126 | AW19: 17118 | AX19: 캔달스퀘어 남사로지스틱스파크 | AZ19: 703684965 | BB19: Y | BD19: DHL/DP04/7057 | BE19: 2026-01-26 16:19:36 | BG19: 001 | BH19: 1 | BI19: KG | BJ19: 1 | BK19: 1473.06 | BL19: 639129 | BM19: 434 | BN19: DAP | BO19: USD | BP19: 1473.06 | BQ19: 459.54 | BR19: O | BS19: KRW | BT19: 1 | BU19: 37800 | BV19: 37800 | BW19: USD | BX19: 1473.06 | BY19: 0 | BZ19: 0 | CA19: USD | CB19: 1473.06 | CC19: 0 | CD19: 0 | CI19: AB | CL19: 20260126 | CN19: 완료 | CO19: 수리 | CU19: N | CX19: 20260225 | CZ19: N | DB19: NO | DC19: 999 | DD19: A | DE19: CT | DF19: INV.703684965 | DG19: 이성종 | DH19: N | DR19: 04099999 | DU19: 공통 | DV19: 20260128 | DX19: 1226426191 | DY19: Y | EA19: 경기도 용인시 처인구 남사읍 당하로 114 | EB19: 0 | EC19: 공통 | ED19: 202601261705 | EE19: 001 | EF19: 8486902090 | EG19: 703684965 | EH19: 0.33 | EI19: KG | EJ19: 0 | EL19: 1 | EM19: CT | EN19: 0.33 | EO19: PARTS OF MACHINES FOR MAKING SEMICONDUCTOR DEVICES | EP19: SEAL 300MM TITAN PROFILER | EQ19: 459.54 | ER19: 459.54 | ES19: 639129 | ET19: 434 | EW19: N | EY19: JP | FB19: N | FE19: 001 | FF19: 01 | FH19: 11 | FI19: EA | FJ19: 459.54 | FK19: 41.776 | FL19: 0021-42494 | FM19: SEAL 300MM TITAN PROFILER | GA19: =A19 -> 4388426100303X | GB19: =VLOOKUP(B19,수출코드!$C$2:$D$4,2,FALSE) -> Suwon | GC19: =VLOOKUP(L19,수출코드!$A$2:$B$6,2,FALSE) | GD19: =VLOOKUP(M19,수출코드!$E$2:$F$5,2,FALSE) -> 일반 | GE19: =DATE(LEFT(GI19,4),MID(GI19,5,2),MID(GI19,7,2))+TIME(MID(GI19,10,2),MID(GI19,12,2),"00") -> 45971.473 | GF19: =DATE(LEFT(ED19,4),MID(ED19,5,2),MID(ED19,7,2))+TIME(MID(ED19,9,2),MID(ED19,11,2),"00") -> 46048.712 | GI19: 20251110 112138
A20: 4388426100304X | B20: 021 | C20: D9 | D20: 26 | E20: 4388426100304X | G20: 2026 | H20: 100304 | I20: X | J20: 20260126 | K20: H | L20: A | M20: 11 | N20: A | O20: TT | P20: 관세법인 정상 경기지사 | Q20: AMAT | R20: 어플라이드머티어리얼즈코리아 | S20: 어플라이1931018 | T20: C | U20: AMAT | V20: 어플라이드머티어리얼즈코리아 | W20: 경기도 성남시 분당구 양현로 322 (코리아디자인센터빌딩5층) | X20: 박광선 | Y20: 어플라이1931018 | Z20: 3128114779 | AA20: 13496 | AB20: 0000 | AC20: 0001 | AD20: 미상 | AG20: 제조미상9999000 | AH20: 01 | AI20: 7701031012021 | AK20: CNAPPLIE0052L | AL20: APPLIED MATERIALS SOUTH EAST ASIA PETLTD C/O LIAONING JD LOG | AM20: 1 | AN20: 13496 | AP20: CN | AQ20: PRC | AR20: ICN | AS20: 인천공항 | AT20: 40 | AU20: ETC | AV20: 20260126 | AW20: 17118 | AX20: 캔달스퀘어 남사로지스틱스파크 | AZ20: 703684968 | BB20: Y | BD20: DHL/DP04/7057 | BE20: 2026-01-26 16:19:36 | BG20: 002 | BH20: 5 | BI20: KG | BJ20: 1 | BK20: 1473.06 | BL20: 7269455 | BM20: 4935 | BN20: DAP | BO20: USD | BP20: 1473.06 | BQ20: 4969.15 | BR20: O | BS20: KRW | BT20: 1 | BU20: 50400 | BV20: 50400 | BW20: USD | BX20: 1473.06 | BY20: 0 | BZ20: 0 | CA20: USD | CB20: 1473.06 | CC20: 0 | CD20: 0 | CI20: AB | CL20: 20260126 | CN20: 완료 | CO20: 수리 | CU20: N | CX20: 20260225 | CZ20: N | DB20: NO | DC20: 999 | DD20: A | DE20: CT | DF20: INV.703684968 | DG20: 이성종 | DH20: N | DR20: 04099999 | DU20: 공통 | DV20: 20260128 | DX20: 1226427893 | DY20: Y | EA20: 경기도 용인시 처인구 남사읍 당하로 114 | EB20: 0 | EC20: 공통 | ED20: 202601261705 | EE20: 001 | EF20: 8481202000 | EG20: 703684968 | EH20: 2 | EI20: KG | EJ20: 0 | EL20: 1 | EM20: CT | EN20: 2 | EO20: VALVES FOR PNEUMATIC TRANSMISSIONS | EP20: MV-5 | EQ20: 2715.01 | ER20: 2715.01 | ES20: 3971835 | ET20: 2696 | EW20: N | EY20: DE | FB20: N | FE20: 001 | FF20: 01 | FH20: 3 | FI20: EA | FJ20: 2715.01 | FK20: 905.003 | FL20: 0190-A7431 | FM20: MV-5 | GA20: =A20 -> 4388426100304X | GB20: =VLOOKUP(B20,수출코드!$C$2:$D$4,2,FALSE) -> Suwon | GC20: =VLOOKUP(L20,수출코드!$A$2:$B$6,2,FALSE) | GD20: =VLOOKUP(M20,수출코드!$E$2:$F$5,2,FALSE) -> 일반 | GE20: =DATE(LEFT(GI20,4),MID(GI20,5,2),MID(GI20,7,2))+TIME(MID(GI20,10,2),MID(GI20,12,2),"00") -> 45971.473 | GF20: =DATE(LEFT(ED20,4),MID(ED20,5,2),MID(ED20,7,2))+TIME(MID(ED20,9,2),MID(ED20,11,2),"00") -> 46048.712 | GI20: 20251110 112138
A21: 4388426100305X | B21: 021 | C21: D9 | D21: 26 | E21: 4388426100305X | G21: 2026 | H21: 100305 | I21: X | J21: 20260126 | K21: H | L21: A | M21: 11 | N21: A | O21: TT | P21: 관세법인 정상 경기지사 | Q21: AMAT | R21: 어플라이드머티어리얼즈코리아 | S21: 어플라이1931018 | T21: C | U21: AMAT | V21: 어플라이드머티어리얼즈코리아 | W21: 경기도 성남시 분당구 양현로 322 (코리아디자인센터빌딩5층) | X21: 박광선 | Y21: 어플라이1931018 | Z21: 3128114779 | AA21: 13496 | AB21: 0000 | AC21: 0001 | AD21: 미상 | AG21: 제조미상9999000 | AH21: 01 | AI21: 7701031012021 | AK21: CNAPPLIE0103S | AL21: APPLIED MATERIALS SOUTHEAST ASIA PT | AM21: 1 | AN21: 13496 | AP21: CN | AQ21: PRC | AR21: ICN | AS21: 인천공항 | AT21: 40 | AU21: ETC | AV21: 20260126 | AW21: 17118 | AX21: 캔달스퀘어 남사로지스틱스파크 | AZ21: 703684971 | BB21: Y | BD21: DHL/DP04/7057 | BE21: 2026-01-26 16:19:36 | BG21: 001 | BH21: 1 | BI21: KG | BJ21: 1 | BK21: 1473.06 | BL21: 1520557 | BM21: 1032 | BN21: DAP | BO21: USD | BP21: 1473.06 | BQ21: 1046.5 | BR21: O | BS21: KRW | BT21: 1 | BU21: 21000 | BV21: 21000 | BW21: USD | BX21: 1473.06 | BY21: 0 | BZ21: 0 | CA21: USD | CB21: 1473.06 | CC21: 0 | CD21: 0 | CI21: AB | CL21: 20260126 | CN21: 완료 | CO21: 수리 | CU21: N | CX21: 20260225 | CZ21: N | DB21: NO | DC21: 999 | DD21: A | DE21: CT | DF21: INV.703684971 | DG21: 이성종 | DH21: N | DR21: 04099999 | DU21: 공통 | DV21: 20260127 | DX21: 2672111013 | DY21: Y | EA21: 경기도 용인시 처인구 남사읍 당하로 114 | EB21: 0 | EC21: 공통 | ED21: 202601261705 | EE21: 001 | EF21: 8504409099 | EG21: 703684971 | EH21: 0.2 | EI21: KG | EJ21: 2 | EK21: U | EL21: 1 | EM21: CT | EN21: 0.2 | EO21: STATIC CONVERTERS | EP21: DRIVER BOARD SELOP 8 | EQ21: 1046.5 | ER21: 1046.5 | ES21: 1520557 | ET21: 1032 | EW21: N | EY21: JP | FB21: N | FE21: 001 | FF21: 01 | FH21: 2 | FI21: EA | FJ21: 1046.5 | FK21: 523.25 | FL21: 0190-87853 | FM21: DRIVER BOARD SELOP 8 | GA21: =A21 -> 4388426100305X | GB21: =VLOOKUP(B21,수출코드!$C$2:$D$4,2,FALSE) -> Suwon | GC21: =VLOOKUP(L21,수출코드!$A$2:$B$6,2,FALSE) | GD21: =VLOOKUP(M21,수출코드!$E$2:$F$5,2,FALSE) -> 일반 | GE21: =DATE(LEFT(GI21,4),MID(GI21,5,2),MID(GI21,7,2))+TIME(MID(GI21,10,2),MID(GI21,12,2),"00") -> 45971.473 | GF21: =DATE(LEFT(ED21,4),MID(ED21,5,2),MID(ED21,7,2))+TIME(MID(ED21,9,2),MID(ED21,11,2),"00") -> 46048.712 | GI21: 20251110 112138
A22: 4388426100306X | B22: 021 | C22: D9 | D22: 26 | E22: 4388426100306X | G22: 2026 | H22: 100306 | I22: X | J22: 20260126 | K22: H | L22: A | M22: 11 | N22: A | O22: TT | P22: 관세법인 정상 경기지사 | Q22: AMAT | R22: 어플라이드머티어리얼즈코리아 | S22: 어플라이1931018 | T22: C | U22: AMAT | V22: 어플라이드머티어리얼즈코리아 | W22: 경기도 성남시 분당구 양현로 322 (코리아디자인센터빌딩5층) | X22: 박광선 | Y22: 어플라이1931018 | Z22: 3128114779 | AA22: 13496 | AB22: 0000 | AC22: 0001 | AD22: 미상 | AG22: 제조미상9999000 | AH22: 01 | AI22: 7701031012021 | AK22: CNAPPLIE0083B | AL22: APPLIED MATERIALS SOUTH EAST ASIA PTE LTD | AM22: 1 | AN22: 13496 | AP22: CN | AQ22: PRC | AR22: ICN | AS22: 인천공항 | AT22: 40 | AU22: ETC | AV22: 20260126 | AW22: 17118 | AX22: 캔달스퀘어 남사로지스틱스파크 | AZ22: 703684973 | BB22: Y | BD22: DHL/DP04/7057 | BE22: 2026-01-26 16:19:36 | BG22: 002 | BH22: 10 | BI22: KG | BJ22: 1 | BK22: 1473.06 | BL22: 5893424 | BM22: 4001 | BN22: DAP | BO22: USD | BP22: 1473.06 | BQ22: 4048.46 | BR22: O | BS22: KRW | BT22: 1 | BU22: 70200 | BV22: 70200 | BW22: USD | BX22: 1473.06 | BY22: 0 | BZ22: 0 | CA22: USD | CB22: 1473.06 | CC22: 0 | CD22: 0 | CI22: AB | CL22: 20260126 | CN22: 완료 | CO22: 수리 | CU22: N | CX22: 20260225 | CZ22: N | DB22: NO | DC22: 999 | DD22: A | DE22: CT | DF22: INV.703684973 | DG22: 이성종 | DH22: N | DR22: 04099999 | DU22: 공통 | DV22: 20260127 | DX22: 2672112424 | DY22: Y | EA22: 경기도 용인시 처인구 남사읍 당하로 114 | EB22: 0 | EC22: 공통 | ED22: 202601261713 | EE22: 001 | EF22: 8486209900 | EG22: 703684973 | EH22: 4.392 | EI22: KG | EJ22: 3 | EK22: U | EL22: 1 | EM22: CT | EN22: 4.392 | EO22: OTHER MACHINES MANUFACTURING SEMICONDUCTOR DEVICES | EP22: BASE ADIO ASSEMBLY | EQ22: 2862.13 | ER22: 2862.13 | ES22: 4166460 | ET22: 2828 | EW22: N | EY22: US | FB22: N | FE22: 001 | FF22: 01 | FH22: 3 | FI22: EA | FJ22: 2862.13 | FK22: 954.043 | FL22: E11828930 | FM22: BASE ADIO ASSEMBLY | GA22: =A22 -> 4388426100306X | GB22: =VLOOKUP(B22,수출코드!$C$2:$D$4,2,FALSE) -> Suwon | GC22: =VLOOKUP(L22,수출코드!$A$2:$B$6,2,FALSE) | GD22: =VLOOKUP(M22,수출코드!$E$2:$F$5,2,FALSE) -> 일반 | GE22: =DATE(LEFT(GI22,4),MID(GI22,5,2),MID(GI22,7,2))+TIME(MID(GI22,10,2),MID(GI22,12,2),"00") -> 45971.473 | GF22: =DATE(LEFT(ED22,4),MID(ED22,5,2),MID(ED22,7,2))+TIME(MID(ED22,9,2),MID(ED22,11,2),"00") -> 46048.717 | GI22: 20251110 112138
A23: 4388426100307X | B23: 021 | C23: D9 | D23: 26 | E23: 4388426100307X | G23: 2026 | H23: 100307 | I23: X | J23: 20260126 | K23: H | L23: A | M23: 11 | N23: A | O23: TT | P23: 관세법인 정상 경기지사 | Q23: AMAT | R23: 어플라이드머티어리얼즈코리아 | S23: 어플라이1931018 | T23: C | U23: AMAT | V23: 어플라이드머티어리얼즈코리아 | W23: 경기도 성남시 분당구 양현로 322 (코리아디자인센터빌딩5층) | X23: 박광선 | Y23: 어플라이1931018 | Z23: 3128114779 | AA23: 13496 | AB23: 0000 | AC23: 0001 | AD23: 미상 | AG23: 제조미상9999000 | AH23: 01 | AI23: 7701031012021 | AK23: CNAPPLIE0081D | AL23: APPLIED MATERIALS CHINA INC | AM23: 1 | AN23: 13496 | AP23: CN | AQ23: PRC | AR23: ICN | AS23: 인천공항 | AT23: 40 | AU23: ETC | AV23: 20260126 | AW23: 17118 | AX23: 캔달스퀘어 남사로지스틱스파크 | AZ23: 703684974 | BB23: Y | BD23: DHL/DP04/7057 | BE23: 2026-01-26 16:19:36 | BG23: 001 | BH23: 1 | BI23: KG | BJ23: 1 | BK23: 1473.06 | BL23: 392782 | BM23: 267 | BN23: DAP | BO23: USD | BP23: 1473.06 | BQ23: 280.9 | BR23: O | BS23: KRW | BT23: 1 | BU23: 21000 | BV23: 21000 | BW23: USD | BX23: 1473.06 | BY23: 0 | BZ23: 0 | CA23: USD | CB23: 1473.06 | CC23: 0 | CD23: 0 | CI23: AB | CL23: 20260126 | CN23: 완료 | CO23: 수리 | CU23: N | CX23: 20260225 | CZ23: N | DB23: NO | DC23: 999 | DD23: A | DE23: CT | DF23: INV.703684974 | DG23: 이성종 | DH23: N | DR23: 04099999 | DU23: 공통 | DV23: 20260127 | DX23: 1226430811 | DY23: Y | EA23: 경기도 용인시 처인구 남사읍 당하로 114 | EB23: 0 | EC23: 공통 | ED23: 202601261713 | EE23: 001 | EF23: 3926901000 | EG23: 703684974 | EH23: 0.011 | EI23: KG | EJ23: 0 | EL23: 1 | EM23: CT | EN23: 0.011 | EO23: PARTS FOR USE IN MECHANICAL APPLIANCE | EP23: O-RING | EQ23: 280.9 | ER23: 280.9 | ES23: 392782 | ET23: 267 | EW23: N | EY23: US | FB23: N | FE23: 001 | FF23: 01 | FH23: 11 | FI23: EA | FJ23: 280.9 | FK23: 25.536 | FL23: 3700-07355 | FM23: O-RING | GA23: =A23 -> 4388426100307X | GB23: =VLOOKUP(B23,수출코드!$C$2:$D$4,2,FALSE) -> Suwon | GC23: =VLOOKUP(L23,수출코드!$A$2:$B$6,2,FALSE) | GD23: =VLOOKUP(M23,수출코드!$E$2:$F$5,2,FALSE) -> 일반 | GE23: =DATE(LEFT(GI23,4),MID(GI23,5,2),MID(GI23,7,2))+TIME(MID(GI23,10,2),MID(GI23,12,2),"00") -> 45971.473 | GF23: =DATE(LEFT(ED23,4),MID(ED23,5,2),MID(ED23,7,2))+TIME(MID(ED23,9,2),MID(ED23,11,2),"00") -> 46048.717 | GI23: 20251110 112138
A24: 4388426100308X | B24: 021 | C24: D9 | D24: 26 | E24: 4388426100308X | G24: 2026 | H24: 100308 | I24: X | J24: 20260126 | K24: H | L24: A | M24: 11 | N24: A | O24: TT | P24: 관세법인 정상 경기지사 | Q24: AMAT | R24: 어플라이드머티어리얼즈코리아 | S24: 어플라이1931018 | T24: C | U24: AMAT | V24: 어플라이드머티어리얼즈코리아 | W24: 경기도 성남시 분당구 양현로 322 (코리아디자인센터빌딩5층) | X24: 박광선 | Y24: 어플라이1931018 | Z24: 3128114779 | AA24: 13496 | AB24: 0000 | AC24: 0001 | AD24: 미상 | AG24: 제조미상9999000 | AH24: 01 | AI24: 7701031012021 | AK24: CNAPPLIE0103S | AL24: APPLIED MATERIALS SOUTHEAST ASIA PT | AM24: 1 | AN24: 13496 | AP24: CN | AQ24: PRC | AR24: ICN | AS24: 인천공항 | AT24: 40 | AU24: ETC | AV24: 20260126 | AW24: 17118 | AX24: 캔달스퀘어 남사로지스틱스파크 | AZ24: 703684975 | BB24: Y | BD24: DHL/DP04/7057 | BE24: 2026-01-26 16:19:36 | BG24: 001 | BH24: 1 | BI24: KG | BJ24: 1 | BK24: 1473.06 | BL24: 145426 | BM24: 99 | BN24: DAP | BO24: USD | BP24: 1473.06 | BQ24: 112.98 | BR24: O | BS24: KRW | BT24: 1 | BU24: 21000 | BV24: 21000 | BW24: USD | BX24: 1473.06 | BY24: 0 | BZ24: 0 | CA24: USD | CB24: 1473.06 | CC24: 0 | CD24: 0 | CI24: AB | CL24: 20260126 | CN24: 완료 | CO24: 수리 | CU24: N | CX24: 20260225 | CZ24: N | DB24: NO | DC24: 999 | DD24: A | DE24: CT | DF24: INV.703684975 | DG24: 이성종 | DH24: N | DR24: 04099999 | DU24: 공통 | DV24: 20260127 | DX24: 2672112984 | DY24: Y | EA24: 경기도 용인시 처인구 남사읍 당하로 114 | EB24: 0 | EC24: 공통 | ED24: 202601261713 | EE24: 001 | EF24: 8483909000 | EG24: 703684975 | EH24: 0.001 | EI24: KG | EJ24: 0 | EL24: 1 | EM24: CT | EN24: 0.001 | EO24: TOOTHED WHEELS AND OTHER TRANSMISSION ELEMENTS | EP24: PLUNGER, CLUTCH 300MM LOAD CUP | EQ24: 112.98 | ER24: 112.98 | ES24: 145426 | ET24: 99 | EW24: N | EY24: MY | FB24: N | FE24: 001 | FF24: 01 | FH24: 1 | FI24: EA | FJ24: 112.98 | FK24: 112.98 | FL24: 0020-17802 | FM24: PLUNGER, CLUTCH 300MM LOAD CUP | GA24: =A24 -> 4388426100308X | GB24: =VLOOKUP(B24,수출코드!$C$2:$D$4,2,FALSE) -> Suwon | GC24: =VLOOKUP(L24,수출코드!$A$2:$B$6,2,FALSE) | GD24: =VLOOKUP(M24,수출코드!$E$2:$F$5,2,FALSE) -> 일반 | GE24: =DATE(LEFT(GI24,4),MID(GI24,5,2),MID(GI24,7,2))+TIME(MID(GI24,10,2),MID(GI24,12,2),"00") -> 45971.473 | GF24: =DATE(LEFT(ED24,4),MID(ED24,5,2),MID(ED24,7,2))+TIME(MID(ED24,9,2),MID(ED24,11,2),"00") -> 46048.717 | GI24: 20251110 112138
A25: 4388426100309X | B25: 021 | C25: D9 | D25: 26 | E25: 4388426100309X | G25: 2026 | H25: 100309 | I25: X | J25: 20260126 | K25: H | L25: A | M25: 11 | N25: A | O25: TT | P25: 관세법인 정상 경기지사 | Q25: AMAT | R25: 어플라이드머티어리얼즈코리아 | S25: 어플라이1931018 | T25: C | U25: AMAT | V25: 어플라이드머티어리얼즈코리아 | W25: 경기도 성남시 분당구 양현로 322 (코리아디자인센터빌딩5층) | X25: 박광선 | Y25: 어플라이1931018 | Z25: 3128114779 | AA25: 13496 | AB25: 0000 | AC25: 0001 | AD25: 미상 | AG25: 제조미상9999000 | AH25: 01 | AI25: 7701031012021 | AK25: TWAPPLIE0089F | AL25: APPLIED MATERIALS SOUTH EAST AISA PTEPTD TAIWAN BRANCH SINGA | AM25: 1 | AN25: 13496 | AP25: TW | AQ25: TAIWAN | AR25: ICN | AS25: 인천공항 | AT25: 40 | AU25: ETC | AV25: 20260126 | AW25: 17118 | AX25: 캔달스퀘어 남사로지스틱스파크 | AZ25: 703684979 | BB25: Y | BD25: DHL/DP04/7057 | BE25: 2026-01-26 16:19:36 | BG25: 001 | BH25: 3 | BI25: KG | BJ25: 1 | BK25: 1473.06 | BL25: 1043806 | BM25: 709 | BN25: DAP | BO25: USD | BP25: 1473.06 | BQ25: 748.65 | BR25: O | BS25: KRW | BT25: 1 | BU25: 59000 | BV25: 59000 | BW25: USD | BX25: 1473.06 | BY25: 0 | BZ25: 0 | CA25: USD | CB25: 1473.06 | CC25: 0 | CD25: 0 | CI25: AB | CL25: 20260126 | CN25: 완료 | CO25: 수리 | CU25: N | CX25: 20260225 | CZ25: N | DB25: NO | DC25: 999 | DD25: A | DE25: CT | DF25: INV.703684979 | DG25: 이성종 | DH25: N | DR25: 04099999 | DU25: 공통 | DV25: 20260127 | DX25: 1226433073 | DY25: Y | EA25: 경기도 용인시 처인구 남사읍 당하로 114 | EB25: 0 | EC25: 공통 | ED25: 202601261713 | EE25: 001 | EF25: 8486904000 | EG25: 703684979 | EH25: 2 | EI25: KG | EJ25: 0 | EL25: 1 | EM25: CT | EN25: 2 | EO25: PARTS OF MACHINES SPECIFIED IN NOTE 11(C) TO THIS | EP25: HT SWLL BELLOWS | EQ25: 748.65 | ER25: 748.65 | ES25: 1043806 | ET25: 709 | EW25: N | EY25: KR | FB25: N | FE25: 001 | FF25: 01 | FH25: 1 | FI25: EA | FJ25: 748.65 | FK25: 748.65 | FL25: 0040-85643 | FM25: HT SWLL BELLOWS | GA25: =A25 -> 4388426100309X | GB25: =VLOOKUP(B25,수출코드!$C$2:$D$4,2,FALSE) -> Suwon | GC25: =VLOOKUP(L25,수출코드!$A$2:$B$6,2,FALSE) | GD25: =VLOOKUP(M25,수출코드!$E$2:$F$5,2,FALSE) -> 일반 | GE25: =DATE(LEFT(GI25,4),MID(GI25,5,2),MID(GI25,7,2))+TIME(MID(GI25,10,2),MID(GI25,12,2),"00") -> 45971.477 | GF25: =DATE(LEFT(ED25,4),MID(ED25,5,2),MID(ED25,7,2))+TIME(MID(ED25,9,2),MID(ED25,11,2),"00") -> 46048.717 | GI25: 20251110 112728
A26: 4388426100310X | B26: 021 | C26: D9 | D26: 26 | E26: 4388426100310X | G26: 2026 | H26: 100310 | I26: X | J26: 20260127 | K26: O | L26: P | M26: 11 | N26: A | O26: TT | P26: 관세법인 정상 경기지사 | Q26: AMAT | R26: 어플라이드머티어리얼즈코리아 | S26: 어플라이1931018 | T26: C | U26: AMAT | V26: 어플라이드머티어리얼즈코리아 | W26: 경기도 성남시 분당구 양현로 322 (코리아디자인센터빌딩5층) | X26: 박광선 | Y26: 어플라이1931018 | Z26: 3128114779 | AA26: 13496 | AB26: 0000 | AC26: 0001 | AD26: 미상 | AG26: 제조미상9999000 | AH26: 01 | AI26: 7701031012021 | AK26: DEAPPLIE0026K | AL26: APPLIED MATERIALS EUROPE BV | AM26: 1 | AN26: 13496 | AP26: DE | AQ26: GERMANY | AR26: ICN | AS26: 인천공항 | AT26: 40 | AU26: ETC | AV26: 20260127 | AW26: 17118 | AX26: 캔달스퀘어 남사로지스틱스파크 | AZ26: 703685452 | BB26: Y | BD26: DHL/DP04/320268 | BE26: 2026-01-27 08:30:33 | BG26: 002 | BH26: 3 | BI26: KG | BJ26: 2 | BK26: 1473.06 | BL26: 9415353 | BM26: 6392 | BN26: DAP | BO26: USD | BP26: 1473.06 | BQ26: 6431.75 | BR26: O | BS26: KRW | BT26: 1 | BU26: 59000 | BV26: 59000 | BW26: USD | BX26: 1473.06 | BY26: 0 | BZ26: 0 | CA26: USD | CB26: 1473.06 | CC26: 0 | CD26: 0 | CI26: AB | CL26: 20260127 | CN26: 완료 | CO26: 수리 | CU26: N | CX26: 20260226 | CZ26: N | DB26: NO | DC26: 999 | DD26: A | DE26: CT | DF26: INV.703685452_x000D_ 전략물자포괄수출허가번호:7008282601169211_x000D_ 전략물자포괄수출허가번호:7008282601169461 | DG26: 이성종 | DH26: N | DR26: 04099999 | DU26: 공통 | DV26: 20260128 | DX26: 4999552950 | DY26: Y | DZ26: 서류 | EA26: 경기도 용인시 처인구 남사읍 당하로 114 | EB26: 0 | EC26: 공통 | ED26: 202601271256 | EE26: 001 | EF26: 9031809091 | EG26: 703685452 | EH26: 1 | EI26: KG | EJ26: 1 | EK26: U | EL26: 2 | EM26: CT | EN26: 1 | EO26: FOR THE PURPOSE OF SEMICONDUCTOR MANUFACTURING | EP26: DIGITAL DMD SYSTEM (FULL RANGE) (PV10 CA | EQ26: 5445.66 | ER26: 5445.66 | ES26: 7971829 | ET26: 5412 | EW26: N | EY26: US | FB26: N | FE26: 001 | FF26: 01 | FH26: 1 | FI26: EA | FJ26: 5445.66 | FK26: 5445.66 | FL26: 0190-F1220B | FM26: DIGITAL DMD SYSTEM (FULL RANGE) (PV10 CA | GA26: =A26 -> 4388426100310X | GB26: =VLOOKUP(B26,수출코드!$C$2:$D$4,2,FALSE) -> Suwon | GC26: =VLOOKUP(L26,수출코드!$A$2:$B$6,2,FALSE) -> 서류제출 | GD26: =VLOOKUP(M26,수출코드!$E$2:$F$5,2,FALSE) -> 일반 | GE26: =DATE(LEFT(GI26,4),MID(GI26,5,2),MID(GI26,7,2))+TIME(MID(GI26,10,2),MID(GI26,12,2),"00") -> 45971.613 | GF26: =DATE(LEFT(ED26,4),MID(ED26,5,2),MID(ED26,7,2))+TIME(MID(ED26,9,2),MID(ED26,11,2),"00") -> 46049.539 | GI26: 20251110 144203
A27: 4388426100311X | B27: 021 | C27: D9 | D27: 26 | E27: 4388426100311X | G27: 2026 | H27: 100311 | I27: X | J27: 20260127 | K27: O | L27: P | M27: 11 | N27: A | O27: TT | P27: 관세법인 정상 경기지사 | Q27: AMAT | R27: 어플라이드머티어리얼즈코리아 | S27: 어플라이1931018 | T27: C | U27: AMAT | V27: 어플라이드머티어리얼즈코리아 | W27: 경기도 성남시 분당구 양현로 322 (코리아디자인센터빌딩5층) | X27: 박광선 | Y27: 어플라이1931018 | Z27: 3128114779 | AA27: 13496 | AB27: 0000 | AC27: 0001 | AD27: 미상 | AG27: 제조미상9999000 | AH27: 01 | AI27: 7701031012021 | AK27: USAPPLIE0288X | AL27: APPLIED MATERIALS INC | AM27: 1 | AN27: 13496 | AP27: US | AQ27: U.S.A | AR27: ICN | AS27: 인천공항 | AT27: 40 | AU27: ETC | AV27: 20260127 | AW27: 17118 | AX27: 캔달스퀘어 남사로지스틱스파크 | AZ27: 703685451 | BB27: Y | BD27: DHL/DP04/320268 | BE27: 2026-01-27 08:30:33 | BG27: 003 | BH27: 20 | BI27: KG | BJ27: 9 | BK27: 1473.06 | BL27: 6938514 | BM27: 4710 | BN27: DAP | BO27: USD | BP27: 1473.06 | BQ27: 4908.5 | BR27: O | BS27: KRW | BT27: 1 | BU27: 292000 | BV27: 292000 | BW27: USD | BX27: 1473.06 | BY27: 0 | BZ27: 0 | CA27: USD | CB27: 1473.06 | CC27: 0 | CD27: 0 | CI27: AB | CL27: 20260127 | CN27: 완료 | CO27: 수리 | CU27: N | CX27: 20260226 | CZ27: N | DB27: NO | DC27: 999 | DD27: A | DE27: CT | DF27: INV.703685451_x000D_ 전략물자포괄수출허가번호:7008282412030788_x000D_ 전략물자포괄수출허가번호:7008282502047334_x000D_ 전략물자포괄수출허가번호:7008282601169600 | DG27: 이성종 | DH27: N | DR27: 04099999 | DU27: 공통 | DV27: 20260127 | DX27: 3629233790 | DY27: Y | DZ27: 서류 | EA27: 경기도 용인시 처인구 남사읍 당하로 114 | EB27: 0 | EC27: 공통 | ED27: 202601271256 | EE27: 001 | EF27: 9026209000 | EG27: 703685451 | EH27: 6.336 | EI27: KG | EJ27: 6 | EK27: U | EL27: 9 | EM27: CT | EN27: 6.336 | EO27: OTHER MEASURING OR CHECKING PRESSURE | EP27: XDCR PRESS .1TORR 1/2FVCR 15P-D 100DEG- | EQ27: 3905.1 | ER27: 3905.1 | ES27: 5520137 | ET27: 3747 | EW27: N | EY27: US | FB27: N | FE27: 001 | FF27: 01 | FH27: 6 | FI27: EA | FJ27: 3905.1 | FK27: 650.85 | FL27: 1350-00856B | FM27: XDCR PRESS .1TORR 1/2FVCR 15P-D 100DEG- | GA27: =A27 -> 4388426100311X | GB27: =VLOOKUP(B27,수출코드!$C$2:$D$4,2,FALSE) -> Suwon | GC27: =VLOOKUP(L27,수출코드!$A$2:$B$6,2,FALSE) -> 서류제출 | GD27: =VLOOKUP(M27,수출코드!$E$2:$F$5,2,FALSE) -> 일반 | GE27: =DATE(LEFT(GI27,4),MID(GI27,5,2),MID(GI27,7,2))+TIME(MID(GI27,10,2),MID(GI27,12,2),"00") -> 45971.613 | GF27: =DATE(LEFT(ED27,4),MID(ED27,5,2),MID(ED27,7,2))+TIME(MID(ED27,9,2),MID(ED27,11,2),"00") -> 46049.539 | GI27: 20251110 144203
A28: 4388426100312X | B28: 021 | C28: D9 | D28: 26 | E28: 4388426100312X | G28: 2026 | H28: 100312 | I28: X | J28: 20260127 | K28: H | L28: A | M28: 11 | N28: A | O28: TT | P28: 관세법인 정상 경기지사 | Q28: AMAT | R28: 어플라이드머티어리얼즈코리아 | S28: 어플라이1931018 | T28: C | U28: AMAT | V28: 어플라이드머티어리얼즈코리아 | W28: 경기도 성남시 분당구 양현로 322 (코리아디자인센터빌딩5층) | X28: 박광선 | Y28: 어플라이1931018 | Z28: 3128114779 | AA28: 13496 | AB28: 0000 | AC28: 0001 | AD28: 미상 | AG28: 제조미상9999000 | AH28: 01 | AI28: 7701031012021 | AK28: USAPPLIE0288X | AL28: APPLIED MATERIALS INC | AM28: 1 | AN28: 13496 | AP28: US | AQ28: U.S.A | AR28: ICN | AS28: 인천공항 | AT28: 40 | AU28: ETC | AV28: 20260127 | AW28: 17118 | AX28: 캔달스퀘어 남사로지스틱스파크 | AZ28: 703685449 | BB28: Y | BD28: DHL/DP04/320268 | BE28: 2026-01-27 08:30:33 | BG28: 001 | BH28: 1 | BI28: KG | BJ28: 1 | BK28: 1473.06 | BL28: 1461803 | BM28: 992 | BN28: DAP | BO28: USD | BP28: 1473.06 | BQ28: 1015.1 | BR28: O | BS28: KRW | BT28: 1 | BU28: 33500 | BV28: 33500 | BW28: USD | BX28: 1473.06 | BY28: 0 | BZ28: 0 | CA28: USD | CB28: 1473.06 | CC28: 0 | CD28: 0 | CI28: AB | CL28: 20260127 | CN28: 완료 | CO28: 수리 | CU28: N | CX28: 20260226 | CZ28: N | DB28: NO | DC28: 999 | DD28: A | DE28: CT | DF28: INV.703685449 | DG28: 이성종 | DH28: N | DR28: 04099999 | DU28: 공통 | DV28: 20260127 | DX28: 4999527971 | DY28: Y | EA28: 경기도 용인시 처인구 남사읍 당하로 114 | EB28: 0 | EC28: 공통 | ED28: 202601270926 | EE28: 001 | EF28: 8537105090 | EG28: 703685449 | EH28: 0.24 | EI28: KG | EJ28: 0 | EL28: 1 | EM28: CT | EN28: 0.24 | EO28: BOARDS, PANELS AND CONSOLES FOR ELECTRIC CONTROL | EP28: PCBA, MICRO-ZONE ESC | EQ28: 1015.1 | ER28: 1015.1 | ES28: 1461803 | ET28: 992 | EW28: N | EY28: US | FB28: N | FE28: 001 | FF28: 01 | FH28: 1 | FI28: EA | FJ28: 1015.1 | FK28: 1015.1 | FL28: 0100-03423B | FM28: PCBA, MICRO-ZONE ESC | GA28: =A28 -> 4388426100312X | GB28: =VLOOKUP(B28,수출코드!$C$2:$D$4,2,FALSE) -> Suwon | GC28: =VLOOKUP(L28,수출코드!$A$2:$B$6,2,FALSE) | GD28: =VLOOKUP(M28,수출코드!$E$2:$F$5,2,FALSE) -> 일반 | GE28: =DATE(LEFT(GI28,4),MID(GI28,5,2),MID(GI28,7,2))+TIME(MID(GI28,10,2),MID(GI28,12,2),"00") -> 45971.626 | GF28: =DATE(LEFT(ED28,4),MID(ED28,5,2),MID(ED28,7,2))+TIME(MID(ED28,9,2),MID(ED28,11,2),"00") -> 46049.393 | GI28: 20251110 150229
A29: 4388426100313X | B29: 021 | C29: D9 | D29: 26 | E29: 4388426100313X | G29: 2026 | H29: 100313 | I29: X | J29: 20260127 | K29: H | L29: A | M29: 11 | N29: A | O29: TT | P29: 관세법인 정상 경기지사 | Q29: AMAT | R29: 어플라이드머티어리얼즈코리아 | S29: 어플라이1931018 | T29: C | U29: AMAT | V29: 어플라이드머티어리얼즈코리아 | W29: 경기도 성남시 분당구 양현로 322 (코리아디자인센터빌딩5층) | X29: 박광선 | Y29: 어플라이1931018 | Z29: 3128114779 | AA29: 13496 | AB29: 0000 | AC29: 0001 | AD29: 미상 | AG29: 제조미상9999000 | AH29: 01 | AI29: 7701031012021 | AK29: USAPPLIE0288X | AL29: APPLIED MATERIALS INC | AM29: 1 | AN29: 13496 | AP29: US | AQ29: U.S.A | AR29: ICN | AS29: 인천공항 | AT29: 40 | AU29: ETC | AV29: 20260127 | AW29: 17118 | AX29: 캔달스퀘어 남사로지스틱스파크 | AZ29: 703685453 | BB29: Y | BD29: DHL/DP04/320268 | BE29: 2026-01-27 08:30:33 | BG29: 001 | BH29: 1 | BI29: KG | BJ29: 1 | BK29: 1473.06 | BL29: 1461803 | BM29: 992 | BN29: DAP | BO29: USD | BP29: 1473.06 | BQ29: 1015.1 | BR29: O | BS29: KRW | BT29: 1 | BU29: 33500 | BV29: 33500 | BW29: USD | BX29: 1473.06 | BY29: 0 | BZ29: 0 | CA29: USD | CB29: 1473.06 | CC29: 0 | CD29: 0 | CI29: AB | CL29: 20260127 | CN29: 완료 | CO29: 수리 | CU29: N | CX29: 20260226 | CZ29: N | DB29: NO | DC29: 999 | DD29: A | DE29: CT | DF29: INV.703685453 | DG29: 이성종 | DH29: N | DR29: 04099999 | DU29: 공통 | DV29: 20260127 | DX29: 4232335332 | DY29: Y | EA29: 경기도 용인시 처인구 남사읍 당하로 114 | EB29: 0 | EC29: 공통 | ED29: 202601270926 | EE29: 001 | EF29: 8537105090 | EG29: 703685453 | EH29: 0.24 | EI29: KG | EJ29: 0 | EL29: 1 | EM29: CT | EN29: 0.24 | EO29: BOARDS, PANELS AND CONSOLES FOR ELECTRIC CONTROL | EP29: PCBA, MICRO-ZONE ESC | EQ29: 1015.1 | ER29: 1015.1 | ES29: 1461803 | ET29: 992 | EW29: N | EY29: US | FB29: N | FE29: 001 | FF29: 01 | FH29: 1 | FI29: EA | FJ29: 1015.1 | FK29: 1015.1 | FL29: 0100-03423B | FM29: PCBA, MICRO-ZONE ESC | GA29: =A29 -> 4388426100313X | GB29: =VLOOKUP(B29,수출코드!$C$2:$D$4,2,FALSE) -> Suwon | GC29: =VLOOKUP(L29,수출코드!$A$2:$B$6,2,FALSE) | GD29: =VLOOKUP(M29,수출코드!$E$2:$F$5,2,FALSE) -> 일반 | GE29: =DATE(LEFT(GI29,4),MID(GI29,5,2),MID(GI29,7,2))+TIME(MID(GI29,10,2),MID(GI29,12,2),"00") -> 45971.626 | GF29: =DATE(LEFT(ED29,4),MID(ED29,5,2),MID(ED29,7,2))+TIME(MID(ED29,9,2),MID(ED29,11,2),"00") -> 46049.393 | GI29: 20251110 150229
A30: 4388426100314X | B30: 021 | C30: D9 | D30: 26 | E30: 4388426100314X | G30: 2026 | H30: 100314 | I30: X | J30: 20260127 | K30: H | L30: A | M30: 11 | N30: A | O30: TT | P30: 관세법인 정상 경기지사 | Q30: AMAT | R30: 어플라이드머티어리얼즈코리아 | S30: 어플라이1931018 | T30: C | U30: AMAT | V30: 어플라이드머티어리얼즈코리아 | W30: 경기도 성남시 분당구 양현로 322 (코리아디자인센터빌딩5층) | X30: 박광선 | Y30: 어플라이1931018 | Z30: 3128114779 | AA30: 13496 | AB30: 0000 | AC30: 0001 | AD30: 미상 | AG30: 제조미상9999000 | AH30: 01 | AI30: 7701031012021 | AK30: USAPPLIE0288X | AL30: APPLIED MATERIALS INC | AM30: 1 | AN30: 13496 | AP30: US | AQ30: U.S.A | AR30: ICN | AS30: 인천공항 | AT30: 40 | AU30: ETC | AV30: 20260127 | AW30: 17118 | AX30: 캔달스퀘어 남사로지스틱스파크 | AZ30: 703685456 | BB30: Y | BD30: DHL/DP04/320268 | BE30: 2026-01-27 08:30:33 | BG30: 001 | BH30: 1 | BI30: KG | BJ30: 1 | BK30: 1473.06 | BL30: 1461803 | BM30: 992 | BN30: DAP | BO30: USD | BP30: 1473.06 | BQ30: 1015.1 | BR30: O | BS30: KRW | BT30: 1 | BU30: 33500 | BV30: 33500 | BW30: USD | BX30: 1473.06 | BY30: 0 | BZ30: 0 | CA30: USD | CB30: 1473.06 | CC30: 0 | CD30: 0 | CI30: AB | CL30: 20260127 | CN30: 완료 | CO30: 수리 | CU30: N | CX30: 20260226 | CZ30: N | DB30: NO | DC30: 999 | DD30: A | DE30: CT | DF30: INV.703685456 | DG30: 이성종 | DH30: N | DR30: 04099999 | DU30: 공통 | DV30: 20260127 | DX30: 3629217734 | DY30: Y | EA30: 경기도 용인시 처인구 남사읍 당하로 114 | EB30: 0 | EC30: 공통 | ED30: 202601270926 | EE30: 001 | EF30: 8537105090 | EG30: 703685456 | EH30: 0.24 | EI30: KG | EJ30: 0 | EL30: 1 | EM30: CT | EN30: 0.24 | EO30: BOARDS, PANELS AND CONSOLES FOR ELECTRIC CONTROL | EP30: PCBA, MICRO-ZONE ESC | EQ30: 1015.1 | ER30: 1015.1 | ES30: 1461803 | ET30: 992 | EW30: N | EY30: US | FB30: N | FE30: 001 | FF30: 01 | FH30: 1 | FI30: EA | FJ30: 1015.1 | FK30: 1015.1 | FL30: 0100-03423B | FM30: PCBA, MICRO-ZONE ESC | GA30: =A30 -> 4388426100314X | GB30: =VLOOKUP(B30,수출코드!$C$2:$D$4,2,FALSE) -> Suwon | GC30: =VLOOKUP(L30,수출코드!$A$2:$B$6,2,FALSE) | GD30: =VLOOKUP(M30,수출코드!$E$2:$F$5,2,FALSE) -> 일반 | GE30: =DATE(LEFT(GI30,4),MID(GI30,5,2),MID(GI30,7,2))+TIME(MID(GI30,10,2),MID(GI30,12,2),"00") -> 45971.626 | GF30: =DATE(LEFT(ED30,4),MID(ED30,5,2),MID(ED30,7,2))+TIME(MID(ED30,9,2),MID(ED30,11,2),"00") -> 46049.393 | GI30: 20251110 150138
A31: 4388426100315X | B31: 021 | C31: D9 | D31: 26 | E31: 4388426100315X | G31: 2026 | H31: 100315 | I31: X | J31: 20260127 | K31: H | L31: A | M31: 11 | N31: A | O31: TT | P31: 관세법인 정상 경기지사 | Q31: AMAT | R31: 어플라이드머티어리얼즈코리아 | S31: 어플라이1931018 | T31: C | U31: AMAT | V31: 어플라이드머티어리얼즈코리아 | W31: 경기도 성남시 분당구 양현로 322 (코리아디자인센터빌딩5층) | X31: 박광선 | Y31: 어플라이1931018 | Z31: 3128114779 | AA31: 13496 | AB31: 0000 | AC31: 0001 | AD31: 미상 | AG31: 제조미상9999000 | AH31: 01 | AI31: 7701031012021 | AK31: USAPPLIE0288X | AL31: APPLIED MATERIALS INC | AM31: 1 | AN31: 13496 | AP31: US | AQ31: U.S.A | AR31: ICN | AS31: 인천공항 | AT31: 40 | AU31: ETC | AV31: 20260127 | AW31: 17118 | AX31: 캔달스퀘어 남사로지스틱스파크 | AZ31: 703685462 | BB31: Y | BD31: DHL/DP04/320268 | BE31: 2026-01-27 08:30:33 | BG31: 001 | BH31: 12 | BI31: KG | BJ31: 1 | BK31: 1473.06 | BL31: 2341810 | BM31: 1590 | BN31: DAP | BO31: USD | BP31: 1473.06 | BQ31: 1714.33 | BR31: O | BS31: KRW | BT31: 1 | BU31: 183500 | BV31: 183500 | BW31: USD | BX31: 1473.06 | BY31: 0 | BZ31: 0 | CA31: USD | CB31: 1473.06 | CC31: 0 | CD31: 0 | CI31: AB | CL31: 20260127 | CN31: 완료 | CO31: 수리 | CU31: N | CX31: 20260226 | CZ31: N | DB31: NO | DC31: 999 | DD31: A | DE31: CT | DF31: INV.703685462 | DG31: 이성종 | DH31: N | DR31: 04099999 | DU31: 공통 | DV31: 20260127 | DX31: 3629220081 | DY31: Y | EA31: 경기도 용인시 처인구 남사읍 당하로 114 | EB31: 0 | EC31: 공통 | ED31: 202601270933 | EE31: 001 | EF31: 8504409099 | EG31: 703685462 | EH31: 12 | EI31: KG | EJ31: 1 | EK31: U | EL31: 1 | EM31: CT | EN31: 12 | EO31: STATIC CONVERTERS | EP31: 5.1L/S TMP CNTRLR, (EC A5) | EQ31: 1714.33 | ER31: 1714.33 | ES31: 2341810 | ET31: 1590 | EW31: N | EY31: JP | FB31: N | FE31: 001 | FF31: 01 | FH31: 1 | FI31: EA | FJ31: 1714.33 | FK31: 1714.33 | FL31: 0190-91537B | FM31: 5.1L/s TMP CNTRLR, (EC A5) | GA31: =A31 -> 4388426100315X | GB31: =VLOOKUP(B31,수출코드!$C$2:$D$4,2,FALSE) -> Suwon | GC31: =VLOOKUP(L31,수출코드!$A$2:$B$6,2,FALSE) | GD31: =VLOOKUP(M31,수출코드!$E$2:$F$5,2,FALSE) -> 일반 | GE31: =DATE(LEFT(GI31,4),MID(GI31,5,2),MID(GI31,7,2))+TIME(MID(GI31,10,2),MID(GI31,12,2),"00") -> 45971.626 | GF31: =DATE(LEFT(ED31,4),MID(ED31,5,2),MID(ED31,7,2))+TIME(MID(ED31,9,2),MID(ED31,11,2),"00") -> 46049.398 | GI31: 20251110 150138
A32: 4388426100316X | B32: 021 | C32: D9 | D32: 26 | E32: 4388426100316X | G32: 2026 | H32: 100316 | I32: X | J32: 20260127 | K32: H | L32: A | M32: 11 | N32: A | O32: TT | P32: 관세법인 정상 경기지사 | Q32: AMAT | R32: 어플라이드머티어리얼즈코리아 | S32: 어플라이1931018 | T32: C | U32: AMAT | V32: 어플라이드머티어리얼즈코리아 | W32: 경기도 성남시 분당구 양현로 322 (코리아디자인센터빌딩5층) | X32: 박광선 | Y32: 어플라이1931018 | Z32: 3128114779 | AA32: 13496 | AB32: 0000 | AC32: 0001 | AD32: 미상 | AG32: 제조미상9999000 | AH32: 01 | AI32: 7701031012021 | AK32: USAPPLIE0288X | AL32: APPLIED MATERIALS INC | AM32: 1 | AN32: 13496 | AP32: US | AQ32: U.S.A | AR32: ICN | AS32: 인천공항 | AT32: 40 | AU32: ETC | AV32: 20260127 | AW32: 17118 | AX32: 캔달스퀘어 남사로지스틱스파크 | AZ32: 703685466 | BB32: Y | BD32: DHL/DP04/320268 | BE32: 2026-01-27 08:30:33 | BG32: 001 | BH32: 19 | BI32: KG | BJ32: 1 | BK32: 1473.06 | BL32: 15740644 | BM32: 10686 | BN32: DAP | BO32: USD | BP32: 1473.06 | BQ32: 10874.74 | BR32: O | BS32: KRW | BT32: 1 | BU32: 278500 | BV32: 278500 | BW32: USD | BX32: 1473.06 | BY32: 0 | BZ32: 0 | CA32: USD | CB32: 1473.06 | CC32: 0 | CD32: 0 | CI32: AB | CL32: 20260127 | CN32: 완료 | CO32: 수리 | CU32: N | CX32: 20260226 | CZ32: N | DB32: NO | DC32: 999 | DD32: A | DE32: CT | DF32: INV.703685466 | DG32: 이성종 | DH32: N | DR32: 04099999 | DU32: 공통 | DV32: 20260127 | DX32: 4999542472 | DY32: Y | EA32: 경기도 용인시 처인구 남사읍 당하로 114 | EB32: 0 | EC32: 공통 | ED32: 202601270933 | EE32: 001 | EF32: 8504401090 | EG32: 703685466 | EH32: 18 | EI32: KG | EJ32: 1 | EK32: U | EL32: 1 | EM32: CT | EN32: 18 | EO32: OTHER RECTIFIERS AND RECTIFYING APPARATUS | EP32: DC POWER SUPPLY, 10A FANS, SYM3, FW-4AA2 | EQ32: 10874.74 | ER32: 10874.74 | ES32: 15740644 | ET32: 10686 | EW32: N | EY32: US | FB32: N | FE32: 001 | FF32: 01 | FH32: 1 | FI32: EA | FJ32: 10874.74 | FK32: 10874.74 | FL32: 0195-16655B | FM32: DC POWER SUPPLY, 10A FANS, SYM3, FW-4AA2 | GA32: =A32 -> 4388426100316X | GB32: =VLOOKUP(B32,수출코드!$C$2:$D$4,2,FALSE) -> Suwon | GC32: =VLOOKUP(L32,수출코드!$A$2:$B$6,2,FALSE) | GD32: =VLOOKUP(M32,수출코드!$E$2:$F$5,2,FALSE) -> 일반 | GE32: =DATE(LEFT(GI32,4),MID(GI32,5,2),MID(GI32,7,2))+TIME(MID(GI32,10,2),MID(GI32,12,2),"00") -> 45971.626 | GF32: =DATE(LEFT(ED32,4),MID(ED32,5,2),MID(ED32,7,2))+TIME(MID(ED32,9,2),MID(ED32,11,2),"00") -> 46049.398 | GI32: 20251110 150138
A33: 4388426100317X | B33: 021 | C33: D9 | D33: 26 | E33: 4388426100317X | G33: 2026 | H33: 100317 | I33: X | J33: 20260127 | K33: H | L33: A | M33: 11 | N33: A | O33: TT | P33: 관세법인 정상 경기지사 | Q33: AMAT | R33: 어플라이드머티어리얼즈코리아 | S33: 어플라이1931018 | T33: C | U33: AMAT | V33: 어플라이드머티어리얼즈코리아 | W33: 경기도 성남시 분당구 양현로 322 (코리아디자인센터빌딩5층) | X33: 박광선 | Y33: 어플라이1931018 | Z33: 3128114779 | AA33: 13496 | AB33: 0000 | AC33: 0001 | AD33: 미상 | AG33: 제조미상9999000 | AH33: 01 | AI33: 7701031012021 | AK33: USAPPLIE0288X | AL33: APPLIED MATERIALS INC | AM33: 1 | AN33: 13496 | AP33: US | AQ33: U.S.A | AR33: ICN | AS33: 인천공항 | AT33: 40 | AU33: ETC | AV33: 20260127 | AW33: 17118 | AX33: 캔달스퀘어 남사로지스틱스파크 | AZ33: 703685467 | BB33: Y | BD33: DHL/DP04/320268 | BE33: 2026-01-27 08:30:33 | BG33: 001 | BH33: 19 | BI33: KG | BJ33: 1 | BK33: 1473.06 | BL33: 15740644 | BM33: 10686 | BN33: DAP | BO33: USD | BP33: 1473.06 | BQ33: 10874.74 | BR33: O | BS33: KRW | BT33: 1 | BU33: 278500 | BV33: 278500 | BW33: USD | BX33: 1473.06 | BY33: 0 | BZ33: 0 | CA33: USD | CB33: 1473.06 | CC33: 0 | CD33: 0 | CI33: AB | CL33: 20260127 | CN33: 완료 | CO33: 수리 | CU33: N | CX33: 20260226 | CZ33: N | DB33: NO | DC33: 999 | DD33: A | DE33: CT | DF33: INV.703685467 | DG33: 이성종 | DH33: N | DR33: 04099999 | DU33: 공통 | DV33: 20260127 | DX33: 4999543555 | DY33: Y | EA33: 경기도 용인시 처인구 남사읍 당하로 114 | EB33: 0 | EC33: 공통 | ED33: 202601270958 | EE33: 001 | EF33: 8504401090 | EG33: 703685467 | EH33: 18 | EI33: KG | EJ33: 1 | EK33: U | EL33: 1 | EM33: CT | EN33: 18 | EO33: OTHER RECTIFIERS AND RECTIFYING APPARATUS | EP33: DC POWER SUPPLY, 10A FANS, SYM3, FW-4AA2 | EQ33: 10874.74 | ER33: 10874.74 | ES33: 15740644 | ET33: 10686 | EW33: N | EY33: US | FB33: N | FE33: 001 | FF33: 01 | FH33: 1 | FI33: EA | FJ33: 10874.74 | FK33: 10874.74 | FL33: 0195-16655B | FM33: DC POWER SUPPLY, 10A FANS, SYM3, FW-4AA2 | GA33: =A33 -> 4388426100317X | GB33: =VLOOKUP(B33,수출코드!$C$2:$D$4,2,FALSE) -> Suwon | GC33: =VLOOKUP(L33,수출코드!$A$2:$B$6,2,FALSE) | GD33: =VLOOKUP(M33,수출코드!$E$2:$F$5,2,FALSE) -> 일반 | GE33: =DATE(LEFT(GI33,4),MID(GI33,5,2),MID(GI33,7,2))+TIME(MID(GI33,10,2),MID(GI33,12,2),"00") -> 45971.626 | GF33: =DATE(LEFT(ED33,4),MID(ED33,5,2),MID(ED33,7,2))+TIME(MID(ED33,9,2),MID(ED33,11,2),"00") -> 46049.415 | GI33: 20251110 150138
A34: 4388426100318X | B34: 021 | C34: D9 | D34: 26 | E34: 4388426100318X | G34: 2026 | H34: 100318 | I34: X | J34: 20260127 | K34: H | L34: S | M34: 11 | N34: A | O34: TT | P34: 관세법인 정상 경기지사 | Q34: AMAT | R34: 어플라이드머티어리얼즈코리아 | S34: 어플라이1931018 | T34: C | U34: AMAT | V34: 어플라이드머티어리얼즈코리아 | W34: 경기도 성남시 분당구 양현로 322 (코리아디자인센터빌딩5층) | X34: 박광선 | Y34: 어플라이1931018 | Z34: 3128114779 | AA34: 13496 | AB34: 0000 | AC34: 0001 | AD34: 미상 | AG34: 제조미상9999000 | AH34: 01 | AI34: 7701031012021 | AK34: DEAPPLIE0026K | AL34: APPLIED MATERIALS EUROPE BV | AM34: 1 | AN34: 13496 | AP34: DE | AQ34: GERMANY | AR34: ICN | AS34: 인천공항 | AT34: 40 | AU34: ETC | AV34: 20260127 | AW34: 17118 | AX34: 캔달스퀘어 남사로지스틱스파크 | AZ34: 703685464 | BB34: Y | BD34: DHL/DP04/320268 | BE34: 2026-01-27 08:30:33 | BG34: 002 | BH34: 6 | BI34: KG | BJ34: 2 | BK34: 1473.06 | BL34: 18705636 | BM34: 12698 | BN34: DAP | BO34: USD | BP34: 1473.06 | BQ34: 12757.55 | BR34: O | BS34: KRW | BT34: 1 | BU34: 87000 | BV34: 87000 | BW34: USD | BX34: 1473.06 | BY34: 0 | BZ34: 0 | CA34: USD | CB34: 1473.06 | CC34: 0 | CD34: 0 | CI34: AB | CL34: 20260127 | CN34: 완료 | CO34: 수리 | CU34: N | CX34: 20260226 | CZ34: N | DB34: NO | DC34: 999 | DD34: A | DE34: CT | DF34: INV.703685464 | DG34: 이성종 | DH34: N | DR34: 04099999 | DU34: 공통 | DV34: 20260128 | DX34: 3629223791 | DY34: Y | DZ34: 화면 | EA34: 경기도 용인시 처인구 남사읍 당하로 114 | EB34: 0 | EC34: 공통 | ED34: 202601270937 | EE34: 001 | EF34: 8543709090 | EG34: 703685464 | EH34: 4 | EI34: KG | EJ34: 1 | EK34: U | EL34: 2 | EM34: CT | EN34: 4 | EO34: OTHER ELECTRICAL MACHINES AND APPARATUS | EP34: FRU WING IP 6PU BLADE (D) | EQ34: 12315.63 | ER34: 12315.63 | ES34: 18057675 | ET34: 12259 | EW34: N | EY34: NL | FB34: N | FE34: 001 | FF34: 01 | FH34: 1 | FI34: EA | FJ34: 12315.63 | FK34: 12315.63 | FL34: 0190-D4142B | FM34: FRU WING IP 6PU BLADE (D) | GA34: =A34 -> 4388426100318X | GB34: =VLOOKUP(B34,수출코드!$C$2:$D$4,2,FALSE) -> Suwon | GC34: =VLOOKUP(L34,수출코드!$A$2:$B$6,2,FALSE) -> 화면심사 | GD34: =VLOOKUP(M34,수출코드!$E$2:$F$5,2,FALSE) -> 일반 | GE34: =DATE(LEFT(GI34,4),MID(GI34,5,2),MID(GI34,7,2))+TIME(MID(GI34,10,2),MID(GI34,12,2),"00") -> 45971.626 | GF34: =DATE(LEFT(ED34,4),MID(ED34,5,2),MID(ED34,7,2))+TIME(MID(ED34,9,2),MID(ED34,11,2),"00") -> 46049.401 | GI34: 20251110 150138
A35: 4388426100319X | B35: 021 | C35: D9 | D35: 26 | E35: 4388426100319X | G35: 2026 | H35: 100319 | I35: X | J35: 20260127 | K35: H | L35: A | M35: 11 | N35: A | O35: TT | P35: 관세법인 정상 경기지사 | Q35: AMAT | R35: 어플라이드머티어리얼즈코리아 | S35: 어플라이1931018 | T35: C | U35: AMAT | V35: 어플라이드머티어리얼즈코리아 | W35: 경기도 성남시 분당구 양현로 322 (코리아디자인센터빌딩5층) | X35: 박광선 | Y35: 어플라이1931018 | Z35: 3128114779 | AA35: 13496 | AB35: 0000 | AC35: 0001 | AD35: 미상 | AG35: 제조미상9999000 | AH35: 01 | AI35: 7701031012021 | AK35: USAPPLIE0252M | AL35: APPLIED MATERIALS INC | AM35: 1 | AN35: 13496 | AP35: US | AQ35: U.S.A | AR35: ICN | AS35: 인천공항 | AT35: 40 | AU35: ETC | AV35: 20260127 | AW35: 17118 | AX35: 캔달스퀘어 남사로지스틱스파크 | AZ35: 703685463 | BB35: Y | BD35: DHL/DP04/320268 | BE35: 2026-01-27 08:30:33 | BG35: 002 | BH35: 49 | BI35: KG | BJ35: 1 | BK35: 1473.06 | BL35: 204551320 | BM35: 138861 | BN35: DAP | BO35: USD | BP35: 1473.06 | BQ35: 139325.84 | BR35: O | BS35: KRW | BT35: 1 | BU35: 684000 | BV35: 684000 | BW35: USD | BX35: 1473.06 | BY35: 0 | BZ35: 0 | CA35: USD | CB35: 1473.06 | CC35: 0 | CD35: 0 | CI35: AB | CL35: 20260127 | CN35: 완료 | CO35: 수리 | CU35: N | CX35: 20260226 | CZ35: N | DB35: NO | DC35: 999 | DD35: A | DE35: CT | DF35: INV.703685463 | DG35: 이성종 | DH35: N | DR35: 04099999 | DU35: 공통 | DV35: 20260127 | DX35: 3629224620 | DY35: Y | EA35: 경기도 용인시 처인구 남사읍 당하로 114 | EB35: 0 | EC35: 공통 | ED35: 202601270958 | EE35: 001 | EF35: 8486902040 | EG35: 703685463 | EH35: 21 | EI35: KG | EJ35: 0 | EL35: 1 | EM35: CT | EN35: 21 | EO35: PARTS OF MACHINES FOR COATING,DEPOSITING OR ETCHIN | EP35: ASSY ESC, DB-4Z ZB | EQ35: 69662.92 | ER35: 69662.92 | ES35: 102275660 | ET35: 69431 | EW35: N | EY35: US | FB35: N | FE35: 001 | FF35: 01 | FH35: 1 | FI35: EA | FJ35: 69662.92 | FK35: 69662.92 | FL35: 0011-01928B | FM35: ASSY ESC, DB-4Z ZB | GA35: =A35 -> 4388426100319X | GB35: =VLOOKUP(B35,수출코드!$C$2:$D$4,2,FALSE) -> Suwon | GC35: =VLOOKUP(L35,수출코드!$A$2:$B$6,2,FALSE) | GD35: =VLOOKUP(M35,수출코드!$E$2:$F$5,2,FALSE) -> 일반 | GE35: =DATE(LEFT(GI35,4),MID(GI35,5,2),MID(GI35,7,2))+TIME(MID(GI35,10,2),MID(GI35,12,2),"00") -> 45971.626 | GF35: =DATE(LEFT(ED35,4),MID(ED35,5,2),MID(ED35,7,2))+TIME(MID(ED35,9,2),MID(ED35,11,2),"00") -> 46049.415 | GI35: 20251110 150138
A36: 4388426100320X | B36: 021 | C36: D9 | D36: 26 | E36: 4388426100320X | G36: 2026 | H36: 100320 | I36: X | J36: 20260127 | K36: H | L36: A | M36: 11 | N36: A | O36: TT | P36: 관세법인 정상 경기지사 | Q36: AMAT | R36: 어플라이드머티어리얼즈코리아 | S36: 어플라이1931018 | T36: C | U36: AMAT | V36: 어플라이드머티어리얼즈코리아 | W36: 경기도 성남시 분당구 양현로 322 (코리아디자인센터빌딩5층) | X36: 박광선 | Y36: 어플라이1931018 | Z36: 3128114779 | AA36: 13496 | AB36: 0000 | AC36: 0001 | AD36: 미상 | AG36: 제조미상9999000 | AH36: 01 | AI36: 7701031012021 | AK36: USAPPLIE0288X | AL36: APPLIED MATERIALS INC | AM36: 1 | AN36: 13496 | AP36: US | AQ36: U.S.A | AR36: ICN | AS36: 인천공항 | AT36: 40 | AU36: ETC | AV36: 20260127 | AW36: 17118 | AX36: 캔달스퀘어 남사로지스틱스파크 | AZ36: 703685458 | BB36: Y | BD36: DHL/DP04/320268 | BE36: 2026-01-27 08:30:33 | BG36: 011 | BH36: 28 | BI36: KG | BJ36: 1 | BK36: 1473.06 | BL36: 21557619 | BM36: 14635 | BN36: DAP | BO36: USD | BP36: 1473.06 | BQ36: 14906.47 | BR36: O | BS36: KRW | BT36: 1 | BU36: 400500 | BV36: 400500 | BW36: USD | BX36: 1473.06 | BY36: 0 | BZ36: 0 | CA36: USD | CB36: 1473.06 | CC36: 0 | CD36: 0 | CI36: AB | CL36: 20260127 | CN36: 완료 | CO36: 수리 | CU36: N | CX36: 20260226 | CZ36: N | DB36: NO | DC36: 999 | DD36: A | DE36: CT | DF36: INV.703685458 | DG36: 이성종 | DH36: N | DR36: 04099999 | DU36: 공통 | DV36: 20260127 | DX36: 3629226171 | DY36: Y | EA36: 경기도 용인시 처인구 남사읍 당하로 114 | EB36: 0 | EC36: 공통 | ED36: 202601270958 | EE36: 001 | EF36: 9032200000 | EG36: 703685458 | EH36: 3 | EI36: KG | EJ36: 1 | EK36: U | EL36: 1 | EM36: CT | EN36: 3 | EO36: MANOSTATS | EP36: TB VE,NW40,CUSTOM SW AND EXTBODY | EQ36: 1547.21 | ER36: 1547.21 | ES36: 2237563 | ET36: 1519 | EW36: N | EY36: US | FB36: N | FE36: 001 | FF36: 01 | FH36: 1 | FI36: EA | FJ36: 1547.21 | FK36: 1547.21 | FL36: 0190-54258B | FM36: TB VE,NW40,CUSTOM SW AND EXTBODY | GA36: =A36 -> 4388426100320X | GB36: =VLOOKUP(B36,수출코드!$C$2:$D$4,2,FALSE) -> Suwon | GC36: =VLOOKUP(L36,수출코드!$A$2:$B$6,2,FALSE) | GD36: =VLOOKUP(M36,수출코드!$E$2:$F$5,2,FALSE) -> 일반 | GE36: =DATE(LEFT(GI36,4),MID(GI36,5,2),MID(GI36,7,2))+TIME(MID(GI36,10,2),MID(GI36,12,2),"00") -> 45971.639 | GF36: =DATE(LEFT(ED36,4),MID(ED36,5,2),MID(ED36,7,2))+TIME(MID(ED36,9,2),MID(ED36,11,2),"00") -> 46049.415 | GI36: 20251110 152038
A37: 4388426100321X | B37: 021 | C37: D9 | D37: 26 | E37: 4388426100321X | G37: 2026 | H37: 100321 | I37: X | J37: 20260127 | K37: H | L37: A | M37: 11 | N37: A | O37: TT | P37: 관세법인 정상 경기지사 | Q37: AMAT | R37: 어플라이드머티어리얼즈코리아 | S37: 어플라이1931018 | T37: C | U37: AMAT | V37: 어플라이드머티어리얼즈코리아 | W37: 경기도 성남시 분당구 양현로 322 (코리아디자인센터빌딩5층) | X37: 박광선 | Y37: 어플라이1931018 | Z37: 3128114779 | AA37: 13496 | AB37: 0000 | AC37: 0001 | AD37: 미상 | AG37: 제조미상9999000 | AH37: 01 | AI37: 7701031012021 | AK37: SGAPPLIE0046X | AL37: APPLIED MATERIALS SOUTHEAST ASIA PTE LTD CO AGS SCHENKER SIN | AM37: 1 | AN37: 13496 | AP37: SG | AQ37: SNGAPOR | AR37: ICN | AS37: 인천공항 | AT37: 40 | AU37: ETC | AV37: 20260127 | AW37: 17118 | AX37: 캔달스퀘어 남사로지스틱스파크 | AZ37: 703685455 | BB37: Y | BD37: DHL/DP04/320268 | BE37: 2026-01-27 08:30:33 | BG37: 002 | BH37: 14 | BI37: KG | BJ37: 2 | BK37: 1473.06 | BL37: 13217482 | BM37: 8973 | BN37: DAP | BO37: USD | BP37: 1473.06 | BQ37: 9037.57 | BR37: O | BS37: KRW | BT37: 1 | BU37: 95400 | BV37: 95400 | BW37: USD | BX37: 1473.06 | BY37: 0 | BZ37: 0 | CA37: USD | CB37: 1473.06 | CC37: 0 | CD37: 0 | CI37: AB | CL37: 20260127 | CN37: 완료 | CO37: 수리 | CU37: N | CX37: 20260226 | CZ37: N | DB37: NO | DC37: 999 | DD37: A | DE37: CT | DF37: INV.703685455 | DG37: 이성종 | DH37: N | DR37: 04099999 | DU37: 공통 | DV37: 20260127 | DX37: 3629228960 | DY37: Y | EA37: 경기도 용인시 처인구 남사읍 당하로 114 | EB37: 0 | EC37: 공통 | ED37: 202601270959 | EE37: 001 | EF37: 9032101090 | EG37: 703685455 | EH37: 9 | EI37: KG | EJ37: 1 | EK37: U | EL37: 2 | EM37: CT | EN37: 9 | EO37: THERMOSTATS OF VARIABLE TYPE | EP37: ASSEMBLY, GASLINE TEMP CONTROLLER, PRODU | EQ37: 7985.6 | ER37: 7985.6 | ES37: 11678972 | ET37: 7928 | EW37: N | EY37: SG | FB37: N | FE37: 001 | FF37: 01 | FH37: 1 | FI37: EA | FJ37: 7985.6 | FK37: 7985.6 | FL37: 0090-11290B | FM37: ASSEMBLY, GASLINE TEMP CONTROLLER, PRODU | GA37: =A37 -> 4388426100321X | GB37: =VLOOKUP(B37,수출코드!$C$2:$D$4,2,FALSE) -> Suwon | GC37: =VLOOKUP(L37,수출코드!$A$2:$B$6,2,FALSE) | GD37: =VLOOKUP(M37,수출코드!$E$2:$F$5,2,FALSE) -> 일반 | GE37: =DATE(LEFT(GI37,4),MID(GI37,5,2),MID(GI37,7,2))+TIME(MID(GI37,10,2),MID(GI37,12,2),"00") -> 45971.639 | GF37: =DATE(LEFT(ED37,4),MID(ED37,5,2),MID(ED37,7,2))+TIME(MID(ED37,9,2),MID(ED37,11,2),"00") -> 46049.416 | GI37: 20251110 152038
A38: 4388426100322X | B38: 021 | C38: D9 | D38: 26 | E38: 4388426100322X | G38: 2026 | H38: 100322 | I38: X | J38: 20260127 | K38: H | L38: A | M38: 11 | N38: A | O38: TT | P38: 관세법인 정상 경기지사 | Q38: AMAT | R38: 어플라이드머티어리얼즈코리아 | S38: 어플라이1931018 | T38: C | U38: AMAT | V38: 어플라이드머티어리얼즈코리아 | W38: 경기도 성남시 분당구 양현로 322 (코리아디자인센터빌딩5층) | X38: 박광선 | Y38: 어플라이1931018 | Z38: 3128114779 | AA38: 13496 | AB38: 0000 | AC38: 0001 | AD38: 미상 | AG38: 제조미상9999000 | AH38: 01 | AI38: 7701031012021 | AK38: ILAPPLIE0036D | AL38: APPLIED MATERIALS ISRAEL LTD | AM38: 1 | AN38: 13496 | AP38: IL | AQ38: ISRAEL | AR38: ICN | AS38: 인천공항 | AT38: 40 | AU38: ETC | AV38: 20260127 | AW38: 17118 | AX38: 캔달스퀘어 남사로지스틱스파크 | AZ38: 703685454 | BB38: Y | BD38: DHL/DP04/320268 | BE38: 2026-01-27 08:30:33 | BG38: 008 | BH38: 39 | BI38: KG | BJ38: 8 | BK38: 1473.06 | BL38: 39821850 | BM38: 27033 | BN38: DAP | BO38: USD | BP38: 1473.06 | BQ38: 27360.09 | BR38: O | BS38: KRW | BT38: 1 | BU38: 481200 | BV38: 481200 | BW38: USD | BX38: 1473.06 | BY38: 0 | BZ38: 0 | CA38: USD | CB38: 1473.06 | CC38: 0 | CD38: 0 | CI38: AB | CL38: 20260127 | CN38: 완료 | CO38: 수리 | CU38: N | CX38: 20260226 | CZ38: N | DB38: NO | DC38: 999 | DD38: A | DE38: CT | DF38: INV.703685454 | DG38: 이성종 | DH38: N | DR38: 04099999 | DU38: 공통 | DV38: 20260128 | DX38: 3629230286 | DY38: Y | EA38: 경기도 용인시 처인구 남사읍 당하로 114 | EB38: 0 | EC38: 공통 | ED38: 202601270959 | EE38: 001 | EF38: 9027509000 | EG38: 703685454 | EH38: 2 | EI38: KG | EJ38: 1 | EK38: U | EL38: 8 | EM38: CT | EN38: 2 | EO38: OTHER INSTRUMENTS USING OPTICAL RADIATIONS | EP38: PMT70 DETECTOR MODULE | EQ38: 2020.35 | ER38: 2020.35 | ES38: 2940563 | ET38: 1996 | EW38: N | EY38: IL | FB38: N | FE38: 001 | FF38: 01 | FH38: 1 | FI38: EA | FJ38: 2020.35 | FK38: 2020.35 | FL38: 0090-B2351B | FM38: PMT70 DETECTOR MODULE | GA38: =A38 -> 4388426100322X | GB38: =VLOOKUP(B38,수출코드!$C$2:$D$4,2,FALSE) -> Suwon | GC38: =VLOOKUP(L38,수출코드!$A$2:$B$6,2,FALSE) | GD38: =VLOOKUP(M38,수출코드!$E$2:$F$5,2,FALSE) -> 일반 | GE38: =DATE(LEFT(GI38,4),MID(GI38,5,2),MID(GI38,7,2))+TIME(MID(GI38,10,2),MID(GI38,12,2),"00") -> 45971.639 | GF38: =DATE(LEFT(ED38,4),MID(ED38,5,2),MID(ED38,7,2))+TIME(MID(ED38,9,2),MID(ED38,11,2),"00") -> 46049.416 | GI38: 20251110 152038
A39: 4388426100323X | B39: 021 | C39: D9 | D39: 26 | E39: 4388426100323X | G39: 2026 | H39: 100323 | I39: X | J39: 20260127 | K39: H | L39: A | M39: 83 | N39: A | O39: GN | P39: 관세법인 정상 경기지사 | Q39: AMAT | R39: 어플라이드머티어리얼즈코리아 | S39: 어플라이1931018 | T39: C | U39: AMAT | V39: 어플라이드머티어리얼즈코리아 | W39: 경기도 성남시 분당구 양현로 322 (코리아디자인센터빌딩5층) | X39: 박광선 | Y39: 어플라이1931018 | Z39: 3128114779 | AA39: 13496 | AB39: 0000 | AC39: 0001 | AD39: 미상 | AG39: 제조미상9999000 | AH39: 01 | AI39: 7701031012021 | AK39: TWSHIHHE0005Z | AL39: SHIH HER TECHNOLOGIES INC | AM39: 1 | AN39: 13496 | AP39: TW | AQ39: TAIWAN | AR39: ICN | AS39: 인천공항 | AT39: 40 | AU39: ETC | AV39: 20260127 | AW39: 17118 | AX39: 캔달스퀘어 남사로지스틱스파크 | AZ39: 703686100 | BB39: Y | BD39: DGF/DP04/320221 | BE39: 2026-01-27 10:23:53 | BG39: 002 | BH39: 400 | BI39: KG | BJ39: 4 | BK39: 1473.06 | BL39: 44014925 | BM39: 29880 | BN39: DAP | BO39: USD | BP39: 1473.06 | BQ39: 31187.41 | BR39: O | BS39: KRW | BT39: 1 | BU39: 1926000 | BV39: 1926000 | BW39: USD | BX39: 1473.06 | BY39: 0 | BZ39: 0 | CA39: USD | CB39: 1473.06 | CC39: 0 | CD39: 0 | CI39: AB | CL39: 20260127 | CN39: 완료 | CO39: 수리 | CU39: N | CX39: 20260226 | CZ39: O | DB39: NO | DC39: 999 | DD39: A | DE39: CT | DF39: INV.703686100 | DG39: 이성종 | DH39: N | DR39: 04099999 | DU39: 공통 | DV39: 20260129 | DX39: I251375 | DY39: Y | EA39: 경기도 용인시 처인구 남사읍 당하로 114 | EB39: 0 | EC39: 공통 | ED39: 202601271040 | EE39: 001 | EF39: 6815191000 | EG39: 703686100 | EH39: 240 | EI39: KG | EJ39: 0 | EL39: 4 | EM39: CT | EN39: 240 | EO39: USED NON-ELECTRICAL ARTICLES OF GRAPHITE | EP39: SERVICE KIT, ALD, 300MM OLYMPIA SUSCEPTO | EQ39: 31148.25 | ER39: 31148.25 | ES39: 43959659 | ET39: 29842 | EW39: N | EY39: US | FB39: N | FE39: 001 | FF39: 01 | FH39: 1 | FI39: EA | FJ39: 10382.75 | FK39: 10382.75 | FL39: 0247-06801B | FM39: SERVICE KIT, ALD, 300MM OLYMPIA SUSCEPTO | FT39: S/N.A-S5SUS-021 | GA39: =A39 -> 4388426100323X | GB39: =VLOOKUP(B39,수출코드!$C$2:$D$4,2,FALSE) -> Suwon | GC39: =VLOOKUP(L39,수출코드!$A$2:$B$6,2,FALSE) | GD39: =VLOOKUP(M39,수출코드!$E$2:$F$5,2,FALSE) -> 재수입 | GE39: =DATE(LEFT(GI39,4),MID(GI39,5,2),MID(GI39,7,2))+TIME(MID(GI39,10,2),MID(GI39,12,2),"00") -> 45971.639 | GF39: =DATE(LEFT(ED39,4),MID(ED39,5,2),MID(ED39,7,2))+TIME(MID(ED39,9,2),MID(ED39,11,2),"00") -> 46049.444 | GI39: 20251110 152038
A40: 4388426100324X | B40: 021 | C40: D9 | D40: 26 | E40: 4388426100324X | G40: 2026 | H40: 100324 | I40: X | J40: 20260127 | K40: H | L40: A | M40: 83 | N40: A | O40: GN | P40: 관세법인 정상 경기지사 | Q40: AMAT | R40: 어플라이드머티어리얼즈코리아 | S40: 어플라이1931018 | T40: C | U40: AMAT | V40: 어플라이드머티어리얼즈코리아 | W40: 경기도 성남시 분당구 양현로 322 (코리아디자인센터빌딩5층) | X40: 박광선 | Y40: 어플라이1931018 | Z40: 3128114779 | AA40: 13496 | AB40: 0000 | AC40: 0001 | AD40: 미상 | AG40: 제조미상9999000 | AH40: 01 | AI40: 7701031012021 | AK40: TWLEANTE0005N | AL40: LEANTEQ CO SARL TAIWAN BRANCH | AM40: 1 | AN40: 13496 | AP40: TW | AQ40: TAIWAN | AR40: ICN | AS40: 인천공항 | AT40: 40 | AU40: ETC | AV40: 20260127 | AW40: 17118 | AX40: 캔달스퀘어 남사로지스틱스파크 | AZ40: 703686128 | BB40: Y | BD40: DGF/DP04/320221 | BE40: 2026-01-27 10:23:53 | BG40: 001 | BH40: 95 | BI40: KG | BJ40: 1 | BK40: 1473.06 | BL40: 10382432 | BM40: 7048 | BN40: DAP | BO40: USD | BP40: 1473.06 | BQ40: 7361.84 | BR40: O | BS40: KRW | BT40: 1 | BU40: 462000 | BV40: 462000 | BW40: USD | BX40: 1473.06 | BY40: 0 | BZ40: 0 | CA40: USD | CB40: 1473.06 | CC40: 0 | CD40: 0 | CI40: AB | CL40: 20260127 | CN40: 완료 | CO40: 수리 | CU40: N | CX40: 20260226 | CZ40: O | DB40: NO | DC40: 999 | DD40: A | DE40: CT | DF40: INV.703686128 | DG40: 이성종 | DH40: N | DR40: 04099999 | DU40: 공통 | DV40: 20260129 | DX40: I251388 | DY40: Y | EA40: 경기도 용인시 처인구 남사읍 당하로 114 | EB40: 0 | EC40: 공통 | ED40: 202601271040 | EE40: 001 | EF40: 6909110000 | EG40: 703686128 | EH40: 50 | EI40: KG | EJ40: 0 | EL40: 1 | EM40: CT | EN40: 50 | EO40: USED CERAMIC WARES FOR LABORATORY OF PORCELAIN OR | EP40: SERVICE KIT, ETCH, METAL, MESA PAC3 | EQ40: 7361.84 | ER40: 7361.84 | ES40: 10382432 | ET40: 7048 | EW40: N | EY40: JP | FB40: N | FE40: 001 | FF40: 01 | FH40: 1 | FI40: EA | FJ40: 3680.92 | FK40: 3680.92 | FL40: 0247-08567B | FM40: SERVICE KIT, ETCH, CLEANING, MESA PAC3 | FT40: S/N.3METALPAC3-032A | GA40: =A40 -> 4388426100324X | GB40: =VLOOKUP(B40,수출코드!$C$2:$D$4,2,FALSE) -> Suwon | GC40: =VLOOKUP(L40,수출코드!$A$2:$B$6,2,FALSE) | GD40: =VLOOKUP(M40,수출코드!$E$2:$F$5,2,FALSE) -> 재수입 | GE40: =DATE(LEFT(GI40,4),MID(GI40,5,2),MID(GI40,7,2))+TIME(MID(GI40,10,2),MID(GI40,12,2),"00") -> 45971.639 | GF40: =DATE(LEFT(ED40,4),MID(ED40,5,2),MID(ED40,7,2))+TIME(MID(ED40,9,2),MID(ED40,11,2),"00") -> 46049.444 | GI40: 20251110 152038
A41: 4388426100325X | B41: 021 | C41: D9 | D41: 26 | E41: 4388426100325X | G41: 2026 | H41: 100325 | I41: X | J41: 20260127 | K41: H | L41: A | M41: 83 | N41: A | O41: GN | P41: 관세법인 정상 경기지사 | Q41: AMAT | R41: 어플라이드머티어리얼즈코리아 | S41: 어플라이1931018 | T41: C | U41: AMAT | V41: 어플라이드머티어리얼즈코리아 | W41: 경기도 성남시 분당구 양현로 322 (코리아디자인센터빌딩5층) | X41: 박광선 | Y41: 어플라이1931018 | Z41: 3128114779 | AA41: 13496 | AB41: 0000 | AC41: 0001 | AD41: 미상 | AG41: 제조미상9999000 | AH41: 01 | AI41: 7701031012021 | AK41: USAPPLIE0288X | AL41: APPLIED MATERIALS INC | AM41: 1 | AN41: 13496 | AP41: US | AQ41: U.S.A | AR41: ICN | AS41: 인천공항 | AT41: 40 | AU41: ETC | AV41: 20260127 | AW41: 17118 | AX41: 캔달스퀘어 남사로지스틱스파크 | AZ41: 703686326 | BB41: Y | BD41: DHL/DP04/320025 | BE41: 2026-01-27 17:17:07 | BG41: 001 | BH41: 24 | BI41: KG | BJ41: 1 | BK41: 1473.06 | BL41: 6579694 | BM41: 4467 | BN41: DAP | BO41: USD | BP41: 1473.06 | BQ41: 4701.57 | BR41: O | BS41: KRW | BT41: 1 | BU41: 346000 | BV41: 346000 | BW41: USD | BX41: 1473.06 | BY41: 0 | BZ41: 0 | CA41: USD | CB41: 1473.06 | CC41: 0 | CD41: 0 | CI41: AB | CL41: 20260127 | CN41: 완료 | CO41: 수리 | CU41: N | CX41: 20260226 | CZ41: O | DB41: NO | DC41: 999 | DD41: A | DE41: CT | DF41: INV.703686326 | DG41: 이성종 | DH41: N | DR41: 04099999 | DU41: 공통 | DV41: 20260129 | DX41: 2736172994 | DY41: Y | EA41: 경기도 용인시 처인구 남사읍 당하로 114 | EB41: 0 | EC41: 공통 | ED41: 202601271727 | EE41: 001 | EF41: 8486902040 | EG41: 703686326 | EH41: 19 | EI41: KG | EJ41: 0 | EL41: 1 | EM41: CT | EN41: 19 | EO41: USED PARTS OF MACHINES FOR COATING,DEPOSITING OR E | EP41: ASSY, FAN COOLED RESONATOR, 300MM ENDURA | EQ41: 4701.57 | ER41: 4701.57 | ES41: 6579694 | ET41: 4467 | EW41: N | EY41: US | FB41: N | FE41: 001 | FF41: 01 | FH41: 1 | FI41: EA | FJ41: 4701.57 | FK41: 4701.57 | FL41: 0010-58838R | FM41: ASSY, FAN COOLED RESONATOR, 300MM ENDURA | FT41: S/N.6014902 | GA41: =A41 -> 4388426100325X | GB41: =VLOOKUP(B41,수출코드!$C$2:$D$4,2,FALSE) -> Suwon | GC41: =VLOOKUP(L41,수출코드!$A$2:$B$6,2,FALSE) | GD41: =VLOOKUP(M41,수출코드!$E$2:$F$5,2,FALSE) -> 재수입 | GE41: =DATE(LEFT(GI41,4),MID(GI41,5,2),MID(GI41,7,2))+TIME(MID(GI41,10,2),MID(GI41,12,2),"00") -> 45971.639 | GF41: =DATE(LEFT(ED41,4),MID(ED41,5,2),MID(ED41,7,2))+TIME(MID(ED41,9,2),MID(ED41,11,2),"00") -> 46049.727 | GI41: 20251110 152038
A42: 4388426100326X | B42: 021 | C42: D9 | D42: 26 | E42: 4388426100326X | G42: 2026 | H42: 100326 | I42: X | J42: 20260128 | K42: H | L42: A | M42: 11 | N42: A | O42: TT | P42: 관세법인 정상 경기지사 | Q42: AMAT | R42: 어플라이드머티어리얼즈코리아 | S42: 어플라이1931018 | T42: C | U42: AMAT | V42: 어플라이드머티어리얼즈코리아 | W42: 경기도 성남시 분당구 양현로 322 (코리아디자인센터빌딩5층) | X42: 박광선 | Y42: 어플라이1931018 | Z42: 3128114779 | AA42: 13496 | AB42: 0000 | AC42: 0001 | AD42: 미상 | AG42: 제조미상9999000 | AH42: 01 | AI42: 7701031012021 | AK42: TWAPPLIE0090L | AL42: APPLIED MATERIALS SOUTH EAST AISA PTELTD ASIA CDC CO UPS SCS | AM42: 1 | AN42: 13496 | AP42: TW | AQ42: TAIWAN | AR42: ICN | AS42: 인천공항 | AT42: 40 | AU42: ETC | AV42: 20260128 | AW42: 17118 | AX42: 캔달스퀘어 남사로지스틱스파크 | AZ42: 703688781 | BB42: Y | BD42: DGF/DP04/7057 | BE42: 2026-01-28 15:05:45 | BG42: 007 | BH42: 182 | BI42: KG | BJ42: 3 | BK42: 1473.06 | BL42: 96352225 | BM42: 65410 | BN42: DAP | BO42: USD | BP42: 1473.06 | BQ42: 66006.7 | BR42: O | BS42: KRW | BT42: 1 | BU42: 879600 | BV42: 879600 | BW42: USD | BX42: 1473.06 | BY42: 0 | BZ42: 0 | CA42: USD | CB42: 1473.06 | CC42: 0 | CD42: 0 | CI42: AB | CL42: 20260128 | CN42: 완료 | CO42: 수리 | CU42: N | CX42: 20260227 | CZ42: N | DB42: NO | DC42: 999 | DD42: A | DE42: CT | DF42: INV.703688781 | DG42: 이성종 | DH42: N | DR42: 04099999 | DU42: 공통 | DV42: 20260131 | DX42: I263065 | DY42: Y | EA42: 경기도 용인시 처인구 남사읍 당하로 114 | EB42: 0 | EC42: 공통 | ED42: 202601281522 | EE42: 001 | EF42: 6909120000 | EG42: 703688781 | EH42: 18 | EI42: KG | EJ42: 0 | EL42: 3 | EM42: CT | EN42: 18 | EO42: ARTICLES HAVING A HARDNESS EQUIVALENT TO 9 OR MORE | EP42: COLLAR 300MM PRODUCER ETCH SISIC | EQ42: 19615.75 | ER42: 19615.75 | ES42: 28633778 | ET42: 19438 | EW42: N | EY42: KR | FB42: N | FE42: 001 | FF42: 01 | FH42: 25 | FI42: EA | FJ42: 19615.75 | FK42: 784.63 | FL42: 9992-00879 | FM42: COLLAR 300MM PRODUCER ETCH SiSiC | GA42: =A42 -> 4388426100326X | GB42: =VLOOKUP(B42,수출코드!$C$2:$D$4,2,FALSE) -> Suwon | GC42: =VLOOKUP(L42,수출코드!$A$2:$B$6,2,FALSE) | GD42: =VLOOKUP(M42,수출코드!$E$2:$F$5,2,FALSE) -> 일반 | GE42: =DATE(LEFT(GI42,4),MID(GI42,5,2),MID(GI42,7,2))+TIME(MID(GI42,10,2),MID(GI42,12,2),"00") -> 45971.639 | GF42: =DATE(LEFT(ED42,4),MID(ED42,5,2),MID(ED42,7,2))+TIME(MID(ED42,9,2),MID(ED42,11,2),"00") -> 46050.64 | GI42: 20251110 152038
A43: 4388426100327X | B43: 021 | C43: D9 | D43: 26 | E43: 4388426100327X | G43: 2026 | H43: 100327 | I43: X | J43: 20260128 | K43: H | L43: A | M43: 11 | N43: A | O43: TT | P43: 관세법인 정상 경기지사 | Q43: AMAT | R43: 어플라이드머티어리얼즈코리아 | S43: 어플라이1931018 | T43: C | U43: AMAT | V43: 어플라이드머티어리얼즈코리아 | W43: 경기도 성남시 분당구 양현로 322 (코리아디자인센터빌딩5층) | X43: 박광선 | Y43: 어플라이1931018 | Z43: 3128114779 | AA43: 13496 | AB43: 0000 | AC43: 0001 | AD43: 미상 | AG43: 제조미상9999000 | AH43: 01 | AI43: 7701031012021 | AK43: ILAPPLIE0036D | AL43: APPLIED MATERIALS ISRAEL LTD | AM43: 1 | AN43: 13496 | AP43: IL | AQ43: ISRAEL | AR43: ICN | AS43: 인천공항 | AT43: 40 | AU43: ETC | AV43: 20260128 | AW43: 17118 | AX43: 캔달스퀘어 남사로지스틱스파크 | AZ43: 703689216 | BB43: Y | BD43: DHL/DP04/320268 | BE43: 2026-01-28 17:23:00 | BG43: 001 | BH43: 3 | BI43: KG | BJ43: 1 | BK43: 1473.06 | BL43: 569893 | BM43: 387 | BN43: DAP | BO43: USD | BP43: 1473.06 | BQ43: 426.93 | BR43: O | BS43: KRW | BT43: 1 | BU43: 59000 | BV43: 59000 | BW43: USD | BX43: 1473.06 | BY43: 0 | BZ43: 0 | CA43: USD | CB43: 1473.06 | CC43: 0 | CD43: 0 | CI43: AB | CL43: 20260128 | CN43: 완료 | CO43: 수리 | CU43: N | CX43: 20260227 | CZ43: N | DB43: NO | DC43: 999 | DD43: A | DE43: CT | DF43: INV.703689216 | DG43: 이성종 | DH43: N | DR43: 04099999 | DU43: 공통 | DV43: 20260130 | DX43: 1674322930 | DY43: Y | EA43: 경기도 용인시 처인구 남사읍 당하로 114 | EB43: 0 | EC43: 공통 | ED43: 202601281732 | EE43: 001 | EF43: 8517629020 | EG43: 703689216 | EH43: 1 | EI43: KG | EJ43: 1 | EK43: U | EL43: 1 | EM43: CT | EN43: 1 | EO43: OTHER, FOR LINE TELECOMMUNICATION | EP43: SPECIFICATION, DEVICENET I/O BLOCK | EQ43: 426.93 | ER43: 426.93 | ES43: 569893 | ET43: 387 | EW43: N | EY43: IL | FB43: N | FE43: 001 | FF43: 01 | FH43: 1 | FI43: EA | FJ43: 426.93 | FK43: 426.93 | FL43: 0190-48179B | FM43: SPECIFICATION, DEVICENET I/O BLOCK | GA43: =A43 -> 4388426100327X | GB43: =VLOOKUP(B43,수출코드!$C$2:$D$4,2,FALSE) -> Suwon | GC43: =VLOOKUP(L43,수출코드!$A$2:$B$6,2,FALSE) | GD43: =VLOOKUP(M43,수출코드!$E$2:$F$5,2,FALSE) -> 일반 | GE43: =DATE(LEFT(GI43,4),MID(GI43,5,2),MID(GI43,7,2))+TIME(MID(GI43,10,2),MID(GI43,12,2),"00") -> 45971.639 | GF43: =DATE(LEFT(ED43,4),MID(ED43,5,2),MID(ED43,7,2))+TIME(MID(ED43,9,2),MID(ED43,11,2),"00") -> 46050.731 | GI43: 20251110 152038
A44: 4388426100328X | B44: 021 | C44: D9 | D44: 26 | E44: 4388426100328X | G44: 2026 | H44: 100328 | I44: X | J44: 20260128 | K44: H | L44: A | M44: 11 | N44: A | O44: TT | P44: 관세법인 정상 경기지사 | Q44: AMAT | R44: 어플라이드머티어리얼즈코리아 | S44: 어플라이1931018 | T44: C | U44: AMAT | V44: 어플라이드머티어리얼즈코리아 | W44: 경기도 성남시 분당구 양현로 322 (코리아디자인센터빌딩5층) | X44: 박광선 | Y44: 어플라이1931018 | Z44: 3128114779 | AA44: 13496 | AB44: 0000 | AC44: 0001 | AD44: 미상 | AG44: 제조미상9999000 | AH44: 01 | AI44: 7701031012021 | AK44: SGAPPLIE0046X | AL44: APPLIED MATERIALS SOUTHEAST ASIA PTE LTD CO AGS SCHENKER SIN | AM44: 1 | AN44: 13496 | AP44: SG | AQ44: SNGAPOR | AR44: ICN | AS44: 인천공항 | AT44: 40 | AU44: ETC | AV44: 20260128 | AW44: 17118 | AX44: 캔달스퀘어 남사로지스틱스파크 | AZ44: 703689219 | BB44: Y | BD44: DHL/DP04/320268 | BE44: 2026-01-28 17:23:00 | BG44: 001 | BH44: 12 | BI44: KG | BJ44: 1 | BK44: 1473.06 | BL44: 11678667 | BM44: 7928 | BN44: DAP | BO44: USD | BP44: 1473.06 | BQ44: 7985.6 | BR44: O | BS44: KRW | BT44: 1 | BU44: 84600 | BV44: 84600 | BW44: USD | BX44: 1473.06 | BY44: 0 | BZ44: 0 | CA44: USD | CB44: 1473.06 | CC44: 0 | CD44: 0 | CI44: AB | CL44: 20260128 | CN44: 완료 | CO44: 수리 | CU44: N | CX44: 20260227 | CZ44: N | DB44: NO | DC44: 999 | DD44: A | DE44: CT | DF44: INV.703689219 | DG44: 이성종 | DH44: N | DR44: 04099999 | DU44: 공통 | DV44: 20260129 | DX44: 4196700535 | DY44: Y | EA44: 경기도 용인시 처인구 남사읍 당하로 114 | EB44: 0 | EC44: 공통 | ED44: 202601281732 | EE44: 001 | EF44: 9032101090 | EG44: 703689219 | EH44: 9 | EI44: KG | EJ44: 1 | EK44: U | EL44: 1 | EM44: CT | EN44: 9 | EO44: THERMOSTATS OF VARIABLE TYPE | EP44: ASSEMBLY, GASLINE TEMP CONTROLLER, PRODU | EQ44: 7985.6 | ER44: 7985.6 | ES44: 11678667 | ET44: 7928 | EW44: N | EY44: SG | FB44: N | FE44: 001 | FF44: 01 | FH44: 1 | FI44: EA | FJ44: 7985.6 | FK44: 7985.6 | FL44: 0090-11290B | FM44: ASSEMBLY, GASLINE TEMP CONTROLLER, PRODU | GA44: =A44 -> 4388426100328X | GB44: =VLOOKUP(B44,수출코드!$C$2:$D$4,2,FALSE) -> Suwon | GC44: =VLOOKUP(L44,수출코드!$A$2:$B$6,2,FALSE) | GD44: =VLOOKUP(M44,수출코드!$E$2:$F$5,2,FALSE) -> 일반 | GE44: =DATE(LEFT(GI44,4),MID(GI44,5,2),MID(GI44,7,2))+TIME(MID(GI44,10,2),MID(GI44,12,2),"00") -> 45971.639 | GF44: =DATE(LEFT(ED44,4),MID(ED44,5,2),MID(ED44,7,2))+TIME(MID(ED44,9,2),MID(ED44,11,2),"00") -> 46050.731 | GI44: 20251110 152038
A45: 4388426100329X | B45: 021 | C45: D9 | D45: 26 | E45: 4388426100329X | G45: 2026 | H45: 100329 | I45: X | J45: 20260129 | K45: H | L45: A | M45: 11 | N45: A | O45: TT | P45: 관세법인 정상 경기지사 | Q45: AMAT | R45: 어플라이드머티어리얼즈코리아 | S45: 어플라이1931018 | T45: C | U45: AMAT | V45: 어플라이드머티어리얼즈코리아 | W45: 경기도 성남시 분당구 양현로 322 (코리아디자인센터빌딩5층) | X45: 박광선 | Y45: 어플라이1931018 | Z45: 3128114779 | AA45: 13496 | AB45: 0000 | AC45: 0001 | AD45: 미상 | AG45: 제조미상9999000 | AH45: 01 | AI45: 7701031012021 | AK45: TWAPPLIE0089F | AL45: APPLIED MATERIALS SOUTH EAST AISA PTEPTD TAIWAN BRANCH SINGA | AM45: 1 | AN45: 13496 | AP45: TW | AQ45: TAIWAN | AR45: ICN | AS45: 인천공항 | AT45: 40 | AU45: ETC | AV45: 20260129 | AW45: 17118 | AX45: 캔달스퀘어 남사로지스틱스파크 | AZ45: 703690814 | BB45: Y | BD45: DGF/DP01/7057 | BE45: 2026-01-29 11:28:33 | BG45: 002 | BH45: 119 | BI45: KG | BJ45: 2 | BK45: 1473.06 | BL45: 43245096 | BM45: 29357 | BN45: DAP | BO45: USD | BP45: 1473.06 | BQ45: 29749.16 | BR45: O | BS45: KRW | BT45: 1 | BU45: 577200 | BV45: 577200 | BW45: USD | BX45: 1473.06 | BY45: 0 | BZ45: 0 | CA45: USD | CB45: 1473.06 | CC45: 0 | CD45: 0 | CI45: AB | CL45: 20260129 | CN45: 완료 | CO45: 수리 | CU45: N | CX45: 20260303 | CZ45: N | DB45: NO | DC45: 999 | DD45: A | DE45: CT | DF45: INV.703690814 | DG45: 이성종 | DH45: N | DR45: 04099999 | DU45: 공통 | DV45: 20260130 | DX45: I272766 | DY45: Y | EA45: 경기도 용인시 처인구 남사읍 당하로 114 | EB45: 0 | EC45: 공통 | ED45: 202601291134 | EE45: 001 | EF45: 8539491010 | EG45: 703690814 | EH45: 61 | EI45: KG | EJ45: 299 | EK45: U | EL45: 2 | EM45: CT | EN45: 61 | EO45: OF MACHINES FOR MAKING SEMICONDUCTOR DEVICES | EP45: LAMP, 2KW 120V, EPI | EQ45: 28075.5 | ER45: 28075.5 | ES45: 40812168 | ET45: 27706 | EW45: N | EY45: JP | FB45: N | FE45: 001 | FF45: 01 | FH45: 299 | FI45: EA | FJ45: 28075.5 | FK45: 93.898 | FL45: 0190-39351 | FM45: LAMP, 2KW 120V, EPI | GA45: =A45 -> 4388426100329X | GB45: =VLOOKUP(B45,수출코드!$C$2:$D$4,2,FALSE) -> Suwon | GC45: =VLOOKUP(L45,수출코드!$A$2:$B$6,2,FALSE) | GD45: =VLOOKUP(M45,수출코드!$E$2:$F$5,2,FALSE) -> 일반 | GE45: =DATE(LEFT(GI45,4),MID(GI45,5,2),MID(GI45,7,2))+TIME(MID(GI45,10,2),MID(GI45,12,2),"00") -> 45971.639 | GF45: =DATE(LEFT(ED45,4),MID(ED45,5,2),MID(ED45,7,2))+TIME(MID(ED45,9,2),MID(ED45,11,2),"00") -> 46051.482 | GI45: 20251110 152038
A46: 4388426100330X | B46: 021 | C46: D9 | D46: 26 | E46: 4388426100330X | G46: 2026 | H46: 100330 | I46: X | J46: 20260129 | K46: O | L46: P | M46: 72 | N46: A | O46: TT | P46: 관세법인 정상 경기지사 | Q46: AMAT | R46: 어플라이드머티어리얼즈코리아 | S46: 어플라이1931018 | T46: C | U46: AMAT | V46: 어플라이드머티어리얼즈코리아 | W46: 경기도 성남시 분당구 양현로 322 (코리아디자인센터빌딩5층) | X46: 박광선 | Y46: 어플라이1931018 | Z46: 3128114779 | AA46: 13496 | AB46: 0000 | AC46: 0001 | AD46: 미상 | AG46: 제조미상9999000 | AH46: 01 | AI46: 7701031012021 | AK46: TWAPPLIE0090L | AL46: APPLIED MATERIALS SOUTH EAST AISA PTELTD ASIA CDC CO UPS SCS | AM46: 1 | AN46: 13496 | AP46: TW | AQ46: TAIWAN | AR46: ICN | AS46: 인천공항 | AT46: 40 | AU46: ETC | AV46: 20260129 | AW46: 17118 | AX46: 캔달스퀘어 남사로지스틱스파크 | AZ46: 703691342 | BB46: Y | BD46: DHL/DP01/7057 | BE46: 2026-01-29 15:44:22 | BG46: 001 | BH46: 11 | BI46: KG | BJ46: 1 | BK46: 1473.06 | BL46: 17315561 | BM46: 11755 | BN46: DAP | BO46: USD | BP46: 1473.06 | BQ46: 11798 | BR46: O | BS46: KRW | BT46: 1 | BU46: 63600 | BV46: 63600 | BW46: USD | BX46: 1473.06 | BY46: 0 | BZ46: 0 | CA46: USD | CB46: 1473.06 | CC46: 0 | CD46: 0 | CI46: AB | CL46: 20260129 | CN46: 완료 | CO46: 수리 | CU46: N | CX46: 20260303 | CZ46: N | DB46: NO | DC46: 999 | DD46: A | DE46: CT | DF46: INV.703691342_x000D_ 4388426901677M-049-01 1EA 원상태 수출 | DG46: 이성종 | DH46: N | DR46: 04099999 | DU46: 공통 | DV46: 20260130 | DX46: 7181496921 | DY46: Y | DZ46: 서류 | EA46: 경기도 용인시 처인구 남사읍 당하로 114 | EB46: 0 | EC46: 공통 | ED46: 202601291623 | EE46: 001 | EF46: 8537105090 | EG46: 703691342 | EH46: 8 | EI46: KG | EJ46: 0 | EL46: 1 | EM46: CT | EN46: 8 | EO46: BOARDS, PANELS AND CONSOLES FOR ELECTRIC CONTROL | EP46: ASSY, I/O CONTROLLER, ETHERCAT, CLEANER,CMP-M | EQ46: 11798 | ER46: 11798 | ES46: 17315561 | ET46: 11755 | EU46: 4388426901677M | EV46: 049 | EW46: N | EY46: IL | FB46: N | FE46: 001 | FF46: 01 | FH46: 1 | FI46: EA | FJ46: 11798 | FK46: 11798 | FL46: 0195-16477 | FM46: ASSY, I/O CONTROLLER, ETHERCAT, CLEANER,CMP-M | GA46: =A46 -> 4388426100330X | GB46: =VLOOKUP(B46,수출코드!$C$2:$D$4,2,FALSE) -> Suwon | GC46: =VLOOKUP(L46,수출코드!$A$2:$B$6,2,FALSE) -> 서류제출 | GD46: =VLOOKUP(M46,수출코드!$E$2:$F$5,2,FALSE) -> 원상태 | GE46: =DATE(LEFT(GI46,4),MID(GI46,5,2),MID(GI46,7,2))+TIME(MID(GI46,10,2),MID(GI46,12,2),"00") -> 45971.639 | GF46: =DATE(LEFT(ED46,4),MID(ED46,5,2),MID(ED46,7,2))+TIME(MID(ED46,9,2),MID(ED46,11,2),"00") -> 46051.683 | GI46: 20251110 152038
A47: 4388426100331X | B47: 021 | C47: D9 | D47: 26 | E47: 4388426100331X | G47: 2026 | H47: 100331 | I47: X | J47: 20260129 | K47: H | L47: A | M47: 11 | N47: A | O47: TT | P47: 관세법인 정상 경기지사 | Q47: AMAT | R47: 어플라이드머티어리얼즈코리아 | S47: 어플라이1931018 | T47: C | U47: AMAT | V47: 어플라이드머티어리얼즈코리아 | W47: 경기도 성남시 분당구 양현로 322 (코리아디자인센터빌딩5층) | X47: 박광선 | Y47: 어플라이1931018 | Z47: 3128114779 | AA47: 13496 | AB47: 0000 | AC47: 0001 | AD47: 미상 | AG47: 제조미상9999000 | AH47: 01 | AI47: 7701031012021 | AK47: SGAPPLIE0013J | AL47: APPLIED MATERIALSSOUTH EAST ASIA | AM47: 1 | AN47: 13496 | AP47: SG | AQ47: SNGAPOR | AR47: ICN | AS47: 인천공항 | AT47: 40 | AU47: ETC | AV47: 20260129 | AW47: 17118 | AX47: 캔달스퀘어 남사로지스틱스파크 | AZ47: 703691339 | BB47: Y | BD47: DHL/DP01/7057 | BE47: 2026-01-29 15:44:22 | BG47: 001 | BH47: 1 | BI47: KG | BJ47: 1 | BK47: 1473.06 | BL47: 71364 | BM47: 48 | BN47: DAP | BO47: USD | BP47: 1473.06 | BQ47: 63.11 | BR47: O | BS47: KRW | BT47: 1 | BU47: 21600 | BV47: 21600 | BW47: USD | BX47: 1473.06 | BY47: 0 | BZ47: 0 | CA47: USD | CB47: 1473.06 | CC47: 0 | CD47: 0 | CI47: AB | CL47: 20260129 | CN47: 완료 | CO47: 수리 | CU47: N | CX47: 20260303 | CZ47: N | DB47: NO | DC47: 999 | DD47: A | DE47: CT | DF47: INV.703691339 | DG47: 이성종 | DH47: N | DR47: 04099999 | DU47: 공통 | DV47: 20260131 | DX47: 7181496523 | DY47: Y | EA47: 경기도 용인시 처인구 남사읍 당하로 114 | EB47: 0 | EC47: 공통 | ED47: 202601291556 | EE47: 001 | EF47: 8486902040 | EG47: 703691339 | EH47: 1 | EI47: KG | EJ47: 0 | EL47: 1 | EM47: CT | EN47: 1 | EO47: PARTS OF MACHINES FOR COATING,DEPOSITING OR ETCHIN | EP47: PLATE, BOTTOM, PIB, CHILLER,300MM ENDUR | EQ47: 63.11 | ER47: 63.11 | ES47: 71364 | ET47: 48 | EW47: N | EY47: MY | FB47: N | FE47: 001 | FF47: 01 | FH47: 2 | FI47: EA | FJ47: 63.11 | FK47: 31.555 | FL47: 0040-86264 | FM47: PLATE, BOTTOM, PIB, CHILLER,300MM ENDUR | GA47: =A47 -> 4388426100331X | GB47: =VLOOKUP(B47,수출코드!$C$2:$D$4,2,FALSE) -> Suwon | GC47: =VLOOKUP(L47,수출코드!$A$2:$B$6,2,FALSE) | GD47: =VLOOKUP(M47,수출코드!$E$2:$F$5,2,FALSE) -> 일반 | GE47: =DATE(LEFT(GI47,4),MID(GI47,5,2),MID(GI47,7,2))+TIME(MID(GI47,10,2),MID(GI47,12,2),"00") -> 45971.639 | GF47: =DATE(LEFT(ED47,4),MID(ED47,5,2),MID(ED47,7,2))+TIME(MID(ED47,9,2),MID(ED47,11,2),"00") -> 46051.664 | GI47: 20251110 152038
A48: 4388426100332X | B48: 021 | C48: D9 | D48: 26 | E48: 4388426100332X | G48: 2026 | H48: 100332 | I48: X | J48: 20260129 | K48: H | L48: A | M48: 11 | N48: A | O48: TT | P48: 관세법인 정상 경기지사 | Q48: AMAT | R48: 어플라이드머티어리얼즈코리아 | S48: 어플라이1931018 | T48: C | U48: AMAT | V48: 어플라이드머티어리얼즈코리아 | W48: 경기도 성남시 분당구 양현로 322 (코리아디자인센터빌딩5층) | X48: 박광선 | Y48: 어플라이1931018 | Z48: 3128114779 | AA48: 13496 | AB48: 0000 | AC48: 0001 | AD48: 미상 | AG48: 제조미상9999000 | AH48: 01 | AI48: 7701031012021 | AK48: SGAPPLIE0013J | AL48: APPLIED MATERIALSSOUTH EAST ASIA | AM48: 1 | AN48: 13496 | AP48: SG | AQ48: SNGAPOR | AR48: ICN | AS48: 인천공항 | AT48: 40 | AU48: ETC | AV48: 20260129 | AW48: 17118 | AX48: 캔달스퀘어 남사로지스틱스파크 | AZ48: 703691341 | BB48: Y | BD48: DHL/DP01/7057 | BE48: 2026-01-29 15:44:22 | BG48: 001 | BH48: 1 | BI48: KG | BJ48: 1 | BK48: 1473.06 | BL48: 463979 | BM48: 315 | BN48: DAP | BO48: USD | BP48: 1473.06 | BQ48: 329.64 | BR48: O | BS48: KRW | BT48: 1 | BU48: 21600 | BV48: 21600 | BW48: USD | BX48: 1473.06 | BY48: 0 | BZ48: 0 | CA48: USD | CB48: 1473.06 | CC48: 0 | CD48: 0 | CI48: AB | CL48: 20260129 | CN48: 완료 | CO48: 수리 | CU48: N | CX48: 20260303 | CZ48: N | DB48: NO | DC48: 999 | DD48: A | DE48: CT | DF48: INV.703691341 | DG48: 이성종 | DH48: N | DR48: 04099999 | DU48: 공통 | DV48: 20260131 | DX48: 7181496792 | DY48: Y | EA48: 경기도 용인시 처인구 남사읍 당하로 114 | EB48: 0 | EC48: 공통 | ED48: 202601291556 | EE48: 001 | EF48: 8481801090 | EG48: 703691341 | EH48: 0.414 | EI48: KG | EJ48: 0 | EL48: 1 | EM48: CT | EN48: 0.414 | EO48: OTHER VALVES | EP48: FTG CPLG QDISC 1/2BODY X 7/8-14ORB THD 3 | EQ48: 329.64 | ER48: 329.64 | ES48: 463979 | ET48: 315 | EW48: N | EY48: US | FB48: N | FE48: 001 | FF48: 01 | FH48: 1 | FI48: EA | FJ48: 329.64 | FK48: 329.64 | FL48: 3300-16974 | FM48: FTG CPLG QDISC 1/2BODY X 7/8-14ORB THD 3 | GA48: =A48 -> 4388426100332X | GB48: =VLOOKUP(B48,수출코드!$C$2:$D$4,2,FALSE) -> Suwon | GC48: =VLOOKUP(L48,수출코드!$A$2:$B$6,2,FALSE) | GD48: =VLOOKUP(M48,수출코드!$E$2:$F$5,2,FALSE) -> 일반 | GE48: =DATE(LEFT(GI48,4),MID(GI48,5,2),MID(GI48,7,2))+TIME(MID(GI48,10,2),MID(GI48,12,2),"00") -> 45971.639 | GF48: =DATE(LEFT(ED48,4),MID(ED48,5,2),MID(ED48,7,2))+TIME(MID(ED48,9,2),MID(ED48,11,2),"00") -> 46051.664 | GI48: 20251110 152038
A49: 4388426100333X | B49: 021 | C49: D9 | D49: 26 | E49: 4388426100333X | G49: 2026 | H49: 100333 | I49: X | J49: 20260130 | K49: H | L49: A | M49: 83 | N49: A | O49: GN | P49: 관세법인 정상 경기지사 | Q49: AMAT | R49: 어플라이드머티어리얼즈코리아 | S49: 어플라이1931018 | T49: C | U49: AMAT | V49: 어플라이드머티어리얼즈코리아 | W49: 경기도 성남시 분당구 양현로 322 (코리아디자인센터빌딩5층) | X49: 박광선 | Y49: 어플라이1931018 | Z49: 3128114779 | AA49: 13496 | AB49: 0000 | AC49: 0001 | AD49: 미상 | AG49: 제조미상9999000 | AH49: 01 | AI49: 7701031012021 | AK49: TWLEANTE0001R | AL49: LEANTEQ CO LTD | AM49: 1 | AN49: 13496 | AP49: TW | AQ49: TAIWAN | AR49: ICN | AS49: 인천공항 | AT49: 40 | AU49: ETC | AV49: 20260130 | AW49: 17118 | AX49: 캔달스퀘어 남사로지스틱스파크 | AZ49: 703693168 | BB49: Y | BD49: DGF/DP04/320221 | BE49: 2026-01-30 09:01:25 | BG49: 001 | BH49: 53 | BI49: KG | BJ49: 1 | BK49: 1473.06 | BL49: 5161816 | BM49: 3504 | BN49: DAP | BO49: USD | BP49: 1473.06 | BQ49: 3680.92 | BR49: O | BS49: KRW | BT49: 1 | BU49: 260400 | BV49: 260400 | BW49: USD | BX49: 1473.06 | BY49: 0 | BZ49: 0 | CA49: USD | CB49: 1473.06 | CC49: 0 | CD49: 0 | CI49: AB | CL49: 20260130 | CN49: 완료 | CO49: 수리 | CU49: N | CX49: 20260303 | CZ49: O | DB49: NO | DC49: 999 | DD49: A | DE49: CT | DF49: INV.703693168 | DG49: 이성종 | DH49: N | DR49: 04099999 | DU49: 공통 | DV49: 20260201 | DX49: I283671 | DY49: Y | EA49: 경기도 용인시 처인구 남사읍 당하로 114 | EB49: 0 | EC49: 공통 | ED49: 202601300926 | EE49: 001 | EF49: 6909110000 | EG49: 703693168 | EH49: 25 | EI49: KG | EJ49: 0 | EL49: 1 | EM49: CT | EN49: 25 | EO49: USED CERAMIC WARES FOR LABORATORY OF PORCELAIN OR | EP49: SERVICE KIT, ETCH, METAL, MESA PAC3 | EQ49: 3680.92 | ER49: 3680.92 | ES49: 5161816 | ET49: 3504 | EW49: N | EY49: JP | FB49: N | FE49: 001 | FF49: 01 | FH49: 1 | FI49: EA | FJ49: 3680.92 | FK49: 3680.92 | FL49: 0247-08567B | FM49: SERVICE KIT, ETCH, CLEANING, MESA PAC3 | FT49: S/N.3METALPAC3-001C | GA49: =A49 -> 4388426100333X | GB49: =VLOOKUP(B49,수출코드!$C$2:$D$4,2,FALSE) -> Suwon | GC49: =VLOOKUP(L49,수출코드!$A$2:$B$6,2,FALSE) | GD49: =VLOOKUP(M49,수출코드!$E$2:$F$5,2,FALSE) -> 재수입 | GE49: =DATE(LEFT(GI49,4),MID(GI49,5,2),MID(GI49,7,2))+TIME(MID(GI49,10,2),MID(GI49,12,2),"00") -> 45971.639 | GF49: =DATE(LEFT(ED49,4),MID(ED49,5,2),MID(ED49,7,2))+TIME(MID(ED49,9,2),MID(ED49,11,2),"00") -> 46052.393 | GI49: 20251110 152038
A50: 4388426100334X | B50: 021 | C50: D9 | D50: 26 | E50: 4388426100334X | G50: 2026 | H50: 100334 | I50: X | J50: 20260130 | K50: H | L50: A | M50: 11 | N50: A | O50: TT | P50: 관세법인 정상 경기지사 | Q50: AMAT | R50: 어플라이드머티어리얼즈코리아 | S50: 어플라이1931018 | T50: C | U50: AMAT | V50: 어플라이드머티어리얼즈코리아 | W50: 경기도 성남시 분당구 양현로 322 (코리아디자인센터빌딩5층) | X50: 박광선 | Y50: 어플라이1931018 | Z50: 3128114779 | AA50: 13496 | AB50: 0000 | AC50: 0001 | AD50: 미상 | AG50: 제조미상9999000 | AH50: 01 | AI50: 7701031012021 | AK50: TWAPPLIE0090L | AL50: APPLIED MATERIALS SOUTH EAST AISA PTELTD ASIA CDC CO UPS SCS | AM50: 1 | AN50: 13496 | AP50: TW | AQ50: TAIWAN | AR50: ICN | AS50: 인천공항 | AT50: 40 | AU50: ETC | AV50: 20260130 | AW50: 17118 | AX50: 캔달스퀘어 남사로지스틱스파크 | AZ50: 703693197 | BB50: Y | BD50: DHL/DP04/320221 | BE50: 2026-01-30 09:03:38 | BG50: 001 | BH50: 9 | BI50: KG | BJ50: 1 | BK50: 1473.06 | BL50: 33494061 | BM50: 22738 | BN50: DAP | BO50: USD | BP50: 1473.06 | BQ50: 22774.81 | BR50: O | BS50: KRW | BT50: 1 | BU50: 54600 | BV50: 54600 | BW50: USD | BX50: 1473.06 | BY50: 0 | BZ50: 0 | CA50: USD | CB50: 1473.06 | CC50: 0 | CD50: 0 | CI50: AB | CL50: 20260130 | CN50: 완료 | CO50: 수리 | CU50: N | CX50: 20260303 | CZ50: N | DB50: NO | DC50: 999 | DD50: A | DE50: CT | DF50: INV.703693197 | DG50: 이성종 | DH50: N | DR50: 04099999 | DU50: 공통 | DV50: 20260130 | DX50: 7768723605 | DY50: Y | EA50: 경기도 용인시 처인구 남사읍 당하로 114 | EB50: 0 | EC50: 공통 | ED50: 202601300909 | EE50: 001 | EF50: 8486902040 | EG50: 703693197 | EH50: 6 | EI50: KG | EJ50: 0 | EL50: 1 | EM50: CT | EN50: 6 | EO50: PARTS OF MACHINES FOR COATING,DEPOSITING OR ETCHIN | EP50: CLAMPING PLATE, SHOWERHEAD,WATSON, ALD, | EQ50: 22774.81 | ER50: 22774.81 | ES50: 33494061 | ET50: 22738 | EW50: N | EY50: KR | FB50: N | FE50: 001 | FF50: 01 | FH50: 14 | FI50: EA | FJ50: 22774.81 | FK50: 1626.772 | FL50: 0022-29352 | FM50: CLAMPING PLATE, SHOWERHEAD,WATSON, ALD, | GA50: =A50 -> 4388426100334X | GB50: =VLOOKUP(B50,수출코드!$C$2:$D$4,2,FALSE) -> Suwon | GC50: =VLOOKUP(L50,수출코드!$A$2:$B$6,2,FALSE) | GD50: =VLOOKUP(M50,수출코드!$E$2:$F$5,2,FALSE) -> 일반 | GE50: =DATE(LEFT(GI50,4),MID(GI50,5,2),MID(GI50,7,2))+TIME(MID(GI50,10,2),MID(GI50,12,2),"00") -> 45971.639 | GF50: =DATE(LEFT(ED50,4),MID(ED50,5,2),MID(ED50,7,2))+TIME(MID(ED50,9,2),MID(ED50,11,2),"00") -> 46052.381 | GI50: 20251110 152038
A51: 4388426100335X | B51: 021 | C51: D9 | D51: 26 | E51: 4388426100335X | G51: 2026 | H51: 100335 | I51: X | J51: 20260130 | K51: H | L51: A | M51: 83 | N51: A | O51: GN | P51: 관세법인 정상 경기지사 | Q51: AMAT | R51: 어플라이드머티어리얼즈코리아 | S51: 어플라이1931018 | T51: C | U51: AMAT | V51: 어플라이드머티어리얼즈코리아 | W51: 경기도 성남시 분당구 양현로 322 (코리아디자인센터빌딩5층) | X51: 박광선 | Y51: 어플라이1931018 | Z51: 3128114779 | AA51: 13496 | AB51: 0000 | AC51: 0001 | AD51: 미상 | AG51: 제조미상9999000 | AH51: 01 | AI51: 7701031012021 | AK51: USAPPLIE0288X | AL51: APPLIED MATERIALS INC | AM51: 1 | AN51: 13496 | AP51: US | AQ51: U.S.A | AR51: ICN | AS51: 인천공항 | AT51: 40 | AU51: ETC | AV51: 20260130 | AW51: 17118 | AX51: 캔달스퀘어 남사로지스틱스파크 | AZ51: 703690959 | BB51: Y | BD51: DHL/DP04/320025 | BE51: 2026-01-30 09:07:51 | BG51: 001 | BH51: 8 | BI51: KG | BJ51: 1 | BK51: 1473.06 | BL51: 4635936 | BM51: 3147 | BN51: DAP | BO51: USD | BP51: 1473.06 | BQ51: 3234.72 | BR51: O | BS51: KRW | BT51: 1 | BU51: 129000 | BV51: 129000 | BW51: USD | BX51: 1473.06 | BY51: 0 | BZ51: 0 | CA51: USD | CB51: 1473.06 | CC51: 0 | CD51: 0 | CI51: AB | CL51: 20260130 | CN51: 완료 | CO51: 수리 | CU51: N | CX51: 20260303 | CZ51: O | DB51: NO | DC51: 999 | DD51: A | DE51: CT | DF51: INV.703690959 | DG51: 이성종 | DH51: N | DR51: 04099999 | DU51: 공통 | DV51: 20260130 | DX51: 1257126371 | DY51: Y | EA51: 경기도 용인시 처인구 남사읍 당하로 114 | EB51: 0 | EC51: 공통 | ED51: 202601300926 | EE51: 001 | EF51: 9027100000 | EG51: 703690959 | EH51: 6.35 | EI51: KG | EJ51: 1 | EK51: U | EL51: 1 | EM51: CT | EN51: 6.35 | EO51: USED GAS OR SMOKE ANALYSIS APPARATUS | EP51: O2 ANALYZER 0.1 PPM TO 100%O2 | EQ51: 3234.72 | ER51: 3234.72 | ES51: 4635936 | ET51: 3147 | EW51: N | EY51: US | FB51: N | FE51: 001 | FF51: 01 | FH51: 1 | FI51: EA | FJ51: 3234.72 | FK51: 3234.72 | FL51: 0195-07556R | FM51: O2 ANALYZER 0.1 PPM TO 100%O2 | FT51: S/N.C54221-3 | GA51: =A51 -> 4388426100335X | GB51: =VLOOKUP(B51,수출코드!$C$2:$D$4,2,FALSE) -> Suwon | GC51: =VLOOKUP(L51,수출코드!$A$2:$B$6,2,FALSE) | GD51: =VLOOKUP(M51,수출코드!$E$2:$F$5,2,FALSE) -> 재수입 | GE51: =DATE(LEFT(GI51,4),MID(GI51,5,2),MID(GI51,7,2))+TIME(MID(GI51,10,2),MID(GI51,12,2),"00") -> 45971.639 | GF51: =DATE(LEFT(ED51,4),MID(ED51,5,2),MID(ED51,7,2))+TIME(MID(ED51,9,2),MID(ED51,11,2),"00") -> 46052.393 | GI51: 20251110 152038
A52: 4388426300348X | B52: 021 | C52: D9 | D52: 26 | E52: 4388426300348X | G52: 2026 | H52: 300348 | I52: X | J52: 20260126 | K52: O | L52: P | M52: 11 | N52: A | O52: TT | P52: 관세법인 정상 경기지사 | Q52: AMAT | R52: 어플라이드머티어리얼즈코리아 | S52: 어플라이1931018 | T52: C | U52: AMAT | V52: 어플라이드머티어리얼즈코리아 | W52: 경기도 성남시 분당구 양현로 322 (코리아디자인센터빌딩5층) | X52: 박광선 | Y52: 어플라이1931018 | Z52: 3128114779 | AA52: 13496 | AB52: 0000 | AC52: 0001 | AD52: 미상 | AG52: 제조미상9999000 | AH52: 01 | AI52: 7701031012021 | AK52: USAPPLIE0288X | AL52: APPLIED MATERIALS INC | AM52: 1 | AN52: 13496 | AP52: US | AQ52: U.S.A | AR52: ICN | AS52: 인천공항 | AT52: 40 | AU52: ETC | AV52: 20260126 | AW52: 17118 | AX52: 캔달스퀘어 남사로지스틱스파크 | AZ52: 703681194 | BB52: Y | BD52: DHL/DP04/320268 | BE52: 2026-01-26 09:00:23 | BG52: 002 | BH52: 4 | BI52: KG | BJ52: 2 | BK52: 1473.06 | BL52: 2236627 | BM52: 1518 | BN52: DAP | BO52: USD | BP52: 1473.06 | BQ52: 1568.93 | BR52: O | BS52: KRW | BT52: 1 | BU52: 74500 | BV52: 74500 | BW52: USD | BX52: 1473.06 | BY52: 0 | BZ52: 0 | CA52: USD | CB52: 1473.06 | CC52: 0 | CD52: 0 | CI52: AB | CL52: 20260126 | CN52: 완료 | CO52: 수리 | CU52: N | CX52: 20260225 | CZ52: N | DB52: NO | DC52: 999 | DD52: A | DE52: CT | DF52: INV.703681194_x000D_ 전략물자포괄수출허가번호:7008282412030788_x000D_ 전략물자포괄수출허가번호:7008282502047334 | DG52: 이성종 | DH52: N | DR52: 04099999 | DU52: 한이진 | DV52: 20260126 | DX52: 2460309773 | DY52: Y | DZ52: 서류 | EA52: 경기도 용인시 처인구 남사읍 당하로 114 | EB52: 0 | EC52: 한이진 | ED52: 202601260956 | EE52: 001 | EF52: 9026209000 | EG52: 703681194 | EH52: 1.08 | EI52: KG | EJ52: 1 | EK52: U | EL52: 2 | EM52: CT | EN52: 1.08 | EO52: OTHER MEASURING OR CHECKING PRESSURE | EP52: BARATRON, DUAL-RANGE MANOMETER, HEATED 1 | EQ52: 918.08 | ER52: 918.08 | ES52: 1308792 | ET52: 888 | EW52: N | EY52: MX | FB52: N | FE52: 001 | FF52: 01 | FH52: 1 | FI52: EA | FJ52: 918.08 | FK52: 918.08 | FL52: 1350-00791B | FM52: BARATRON, DUAL-RANGE MANOMETER, HEATED 1 | GA52: =A52 -> 4388426300348X | GB52: =VLOOKUP(B52,수출코드!$C$2:$D$4,2,FALSE) -> Suwon | GC52: =VLOOKUP(L52,수출코드!$A$2:$B$6,2,FALSE) -> 서류제출 | GD52: =VLOOKUP(M52,수출코드!$E$2:$F$5,2,FALSE) -> 일반 | GE52: =DATE(LEFT(GI52,4),MID(GI52,5,2),MID(GI52,7,2))+TIME(MID(GI52,10,2),MID(GI52,12,2),"00") -> 45971.639 | GF52: =DATE(LEFT(ED52,4),MID(ED52,5,2),MID(ED52,7,2))+TIME(MID(ED52,9,2),MID(ED52,11,2),"00") -> 46048.414 | GI52: 20251110 152038
A53: 4388426300349X | B53: 021 | C53: D9 | D53: 26 | E53: 4388426300349X | G53: 2026 | H53: 300349 | I53: X | J53: 20260126 | K53: H | L53: A | M53: 11 | N53: A | O53: TT | P53: 관세법인 정상 경기지사 | Q53: AMAT | R53: 어플라이드머티어리얼즈코리아 | S53: 어플라이1931018 | T53: C | U53: AMAT | V53: 어플라이드머티어리얼즈코리아 | W53: 경기도 성남시 분당구 양현로 322 (코리아디자인센터빌딩5층) | X53: 박광선 | Y53: 어플라이1931018 | Z53: 3128114779 | AA53: 13496 | AB53: 0000 | AC53: 0001 | AD53: 미상 | AG53: 제조미상9999000 | AH53: 01 | AI53: 7701031012021 | AK53: TWAPPLIE0091K | AL53: APPLIED MATERIALS SOUTH EAST ASIA PTELTD CO UPS SCS TAIWAN C | AM53: 1 | AN53: 13496 | AP53: TW | AQ53: TAIWAN | AR53: ICN | AS53: 인천공항 | AT53: 40 | AU53: ETC | AV53: 20260126 | AW53: 17118 | AX53: 캔달스퀘어 남사로지스틱스파크 | AZ53: 703681187 | BB53: Y | BD53: DHL/DP04/320268 | BE53: 2026-01-26 09:00:23 | BG53: 002 | BH53: 49 | BI53: KG | BJ53: 3 | BK53: 1473.06 | BL53: 68235422 | BM53: 46322 | BN53: DAP | BO53: USD | BP53: 1473.06 | BQ53: 46485.97 | BR53: O | BS53: KRW | BT53: 1 | BU53: 241200 | BV53: 241200 | BW53: USD | BX53: 1473.06 | BY53: 0 | BZ53: 0 | CA53: USD | CB53: 1473.06 | CC53: 0 | CD53: 0 | CI53: AB | CL53: 20260126 | CN53: 완료 | CO53: 수리 | CU53: N | CX53: 20260225 | CZ53: N | DB53: NO | DC53: 999 | DD53: A | DE53: CT | DF53: INV.703681187 | DG53: 이성종 | DH53: N | DR53: 04099999 | DU53: 한이진 | DV53: 20260126 | DX53: 4064747610 | DY53: Y | EA53: 경기도 용인시 처인구 남사읍 당하로 114 | EB53: 0 | EC53: 한이진 | ED53: 202601260925 | EE53: 001 | EF53: 8543709090 | EG53: 703681187 | EH53: 22 | EI53: KG | EJ53: 1 | EK53: U | EL53: 3 | EM53: CT | EN53: 22 | EO53: OTHER ELECTRICAL MACHINES AND APPARATUS | EP53: RPS GENERATOR, CIP, ASTRON I | EQ53: 13754.27 | ER53: 13754.27 | ES53: 20189498 | ET53: 13706 | EW53: N | EY53: MX | FB53: N | FE53: 001 | FF53: 01 | FH53: 1 | FI53: EA | FJ53: 13754.27 | FK53: 13754.27 | FL53: 0190-47768B | FM53: RPS GENERATOR, CIP, ASTRON I | GA53: =A53 -> 4388426300349X | GB53: =VLOOKUP(B53,수출코드!$C$2:$D$4,2,FALSE) -> Suwon | GC53: =VLOOKUP(L53,수출코드!$A$2:$B$6,2,FALSE) | GD53: =VLOOKUP(M53,수출코드!$E$2:$F$5,2,FALSE) -> 일반 | GE53: =DATE(LEFT(GI53,4),MID(GI53,5,2),MID(GI53,7,2))+TIME(MID(GI53,10,2),MID(GI53,12,2),"00") -> 45971.639 | GF53: =DATE(LEFT(ED53,4),MID(ED53,5,2),MID(ED53,7,2))+TIME(MID(ED53,9,2),MID(ED53,11,2),"00") -> 46048.392 | GI53: 20251110 152038
A54: 4388426300350X | B54: 021 | C54: D9 | D54: 26 | E54: 4388426300350X | G54: 2026 | H54: 300350 | I54: X | J54: 20260126 | K54: H | L54: A | M54: 11 | N54: A | O54: TT | P54: 관세법인 정상 경기지사 | Q54: AMAT | R54: 어플라이드머티어리얼즈코리아 | S54: 어플라이1931018 | T54: C | U54: AMAT | V54: 어플라이드머티어리얼즈코리아 | W54: 경기도 성남시 분당구 양현로 322 (코리아디자인센터빌딩5층) | X54: 박광선 | Y54: 어플라이1931018 | Z54: 3128114779 | AA54: 13496 | AB54: 0000 | AC54: 0001 | AD54: 미상 | AG54: 제조미상9999000 | AH54: 01 | AI54: 7701031012021 | AK54: JPAPPLIE0053H | AL54: APPLIED MATERIALS JAPAN INC AMJ TOKYO SPARES PLANT | AM54: 1 | AN54: 13496 | AP54: JP | AQ54: JAPAN | AR54: ICN | AS54: 인천공항 | AT54: 40 | AU54: ETC | AV54: 20260126 | AW54: 17118 | AX54: 캔달스퀘어 남사로지스틱스파크 | AZ54: 703681190 | BB54: Y | BD54: DHL/DP04/320268 | BE54: 2026-01-26 09:00:23 | BG54: 002 | BH54: 23 | BI54: KG | BJ54: 3 | BK54: 1473.06 | BL54: 54141140 | BM54: 36754 | BN54: DAP | BO54: USD | BP54: 1473.06 | BQ54: 36836.07 | BR54: O | BS54: KRW | BT54: 1 | BU54: 120600 | BV54: 120600 | BW54: USD | BX54: 1473.06 | BY54: 0 | BZ54: 0 | CA54: USD | CB54: 1473.06 | CC54: 0 | CD54: 0 | CI54: AB | CL54: 20260126 | CN54: 완료 | CO54: 수리 | CU54: N | CX54: 20260225 | CZ54: N | DB54: NO | DC54: 999 | DD54: A | DE54: CT | DF54: INV.703681190 | DG54: 이성종 | DH54: N | DR54: 04099999 | DU54: 한이진 | DV54: 20260126 | DX54: 4322220044 | DY54: Y | EA54: 경기도 용인시 처인구 남사읍 당하로 114 | EB54: 0 | EC54: 한이진 | ED54: 202601260925 | EE54: 001 | EF54: 8486209900 | EG54: 703681190 | EH54: 2 | EI54: KG | EJ54: 1 | EK54: U | EL54: 3 | EM54: CT | EN54: 2 | EO54: OTHER MACHINES MANUFACTURING SEMICONDUCTOR DEVICES | EP54: VAPORIZER W/OUT CABLES MV-2204 SP-1453 | EQ54: 4104.37 | ER54: 4104.37 | ES54: 6032545 | ET54: 4095 | EW54: N | EY54: JP | FB54: N | FE54: 001 | FF54: 01 | FH54: 1 | FI54: EA | FJ54: 4104.37 | FK54: 4104.37 | FL54: 0190-47490B | FM54: VAPORIZER W/OUT CABLES MV-2204SP-1453 | GA54: =A54 -> 4388426300350X | GB54: =VLOOKUP(B54,수출코드!$C$2:$D$4,2,FALSE) -> Suwon | GC54: =VLOOKUP(L54,수출코드!$A$2:$B$6,2,FALSE) | GD54: =VLOOKUP(M54,수출코드!$E$2:$F$5,2,FALSE) -> 일반 | GE54: =DATE(LEFT(GI54,4),MID(GI54,5,2),MID(GI54,7,2))+TIME(MID(GI54,10,2),MID(GI54,12,2),"00") -> 45971.639 | GF54: =DATE(LEFT(ED54,4),MID(ED54,5,2),MID(ED54,7,2))+TIME(MID(ED54,9,2),MID(ED54,11,2),"00") -> 46048.392 | GI54: 20251110 152038
A55: 4388426300351X | B55: 021 | C55: D9 | D55: 26 | E55: 4388426300351X | G55: 2026 | H55: 300351 | I55: X | J55: 20260126 | K55: H | L55: A | M55: 11 | N55: A | O55: TT | P55: 관세법인 정상 경기지사 | Q55: AMAT | R55: 어플라이드머티어리얼즈코리아 | S55: 어플라이1931018 | T55: C | U55: AMAT | V55: 어플라이드머티어리얼즈코리아 | W55: 경기도 성남시 분당구 양현로 322 (코리아디자인센터빌딩5층) | X55: 박광선 | Y55: 어플라이1931018 | Z55: 3128114779 | AA55: 13496 | AB55: 0000 | AC55: 0001 | AD55: 미상 | AG55: 제조미상9999000 | AH55: 01 | AI55: 7701031012021 | AK55: SGAPPLIE0046X | AL55: APPLIED MATERIALS SOUTHEAST ASIA PTE LTD CO AGS SCHENKER SIN | AM55: 1 | AN55: 13496 | AP55: SG | AQ55: SNGAPOR | AR55: ICN | AS55: 인천공항 | AT55: 40 | AU55: ETC | AV55: 20260126 | AW55: 17118 | AX55: 캔달스퀘어 남사로지스틱스파크 | AZ55: 703681191 | BB55: Y | BD55: DHL/DP04/320268 | BE55: 2026-01-26 09:00:23 | BG55: 001 | BH55: 24 | BI55: KG | BJ55: 2 | BK55: 1473.06 | BL55: 2591402 | BM55: 1759 | BN55: DAP | BO55: USD | BP55: 1473.06 | BQ55: 1861.84 | BR55: O | BS55: KRW | BT55: 1 | BU55: 151200 | BV55: 151200 | BW55: USD | BX55: 1473.06 | BY55: 0 | BZ55: 0 | CA55: USD | CB55: 1473.06 | CC55: 0 | CD55: 0 | CI55: AB | CL55: 20260126 | CN55: 완료 | CO55: 수리 | CU55: N | CX55: 20260225 | CZ55: N | DB55: NO | DC55: 999 | DD55: A | DE55: CT | DF55: INV.703681191 | DG55: 이성종 | DH55: N | DR55: 04099999 | DU55: 한이진 | DV55: 20260126 | DX55: 2460309040 | DY55: Y | EA55: 경기도 용인시 처인구 남사읍 당하로 114 | EB55: 0 | EC55: 한이진 | ED55: 202601260925 | EE55: 001 | EF55: 8486209900 | EG55: 703681191 | EH55: 20 | EI55: KG | EJ55: 2 | EK55: U | EL55: 2 | EM55: CT | EN55: 20 | EO55: OTHER MACHINES MANUFACTURING SEMICONDUCTOR DEVICES | EP55: SPECIFICATION, DZ PED BOOSTER, SIDE 2 IN | EQ55: 1861.84 | ER55: 1861.84 | ES55: 2591402 | ET55: 1759 | EW55: N | EY55: MY | FB55: N | FE55: 001 | FF55: 01 | FH55: 1 | FI55: EA | FJ55: 930.92 | FK55: 930.92 | FL55: 0195-15141B | FM55: SPECIFICATION, DZ PED BOOSTER, SIDE 2 IN | GA55: =A55 -> 4388426300351X | GB55: =VLOOKUP(B55,수출코드!$C$2:$D$4,2,FALSE) -> Suwon | GC55: =VLOOKUP(L55,수출코드!$A$2:$B$6,2,FALSE) | GD55: =VLOOKUP(M55,수출코드!$E$2:$F$5,2,FALSE) -> 일반 | GE55: =DATE(LEFT(GI55,4),MID(GI55,5,2),MID(GI55,7,2))+TIME(MID(GI55,10,2),MID(GI55,12,2),"00") -> 45971.639 | GF55: =DATE(LEFT(ED55,4),MID(ED55,5,2),MID(ED55,7,2))+TIME(MID(ED55,9,2),MID(ED55,11,2),"00") -> 46048.392 | GI55: 20251110 152038
A56: 4388426300352X | B56: 021 | C56: D9 | D56: 26 | E56: 4388426300352X | G56: 2026 | H56: 300352 | I56: X | J56: 20260126 | K56: H | L56: A | M56: 11 | N56: A | O56: TT | P56: 관세법인 정상 경기지사 | Q56: AMAT | R56: 어플라이드머티어리얼즈코리아 | S56: 어플라이1931018 | T56: C | U56: AMAT | V56: 어플라이드머티어리얼즈코리아 | W56: 경기도 성남시 분당구 양현로 322 (코리아디자인센터빌딩5층) | X56: 박광선 | Y56: 어플라이1931018 | Z56: 3128114779 | AA56: 13496 | AB56: 0000 | AC56: 0001 | AD56: 미상 | AG56: 제조미상9999000 | AH56: 01 | AI56: 7701031012021 | AK56: DEAPPLIE0026K | AL56: APPLIED MATERIALS EUROPE BV | AM56: 1 | AN56: 13496 | AP56: DE | AQ56: GERMANY | AR56: ICN | AS56: 인천공항 | AT56: 40 | AU56: ETC | AV56: 20260126 | AW56: 17118 | AX56: 캔달스퀘어 남사로지스틱스파크 | AZ56: 703681192 | BB56: Y | BD56: DHL/DP04/320268 | BE56: 2026-01-26 09:00:23 | BG56: 002 | BH56: 16 | BI56: KG | BJ56: 2 | BK56: 1473.06 | BL56: 27150421 | BM56: 18431 | BN56: DAP | BO56: USD | BP56: 1473.06 | BQ56: 18558.39 | BR56: O | BS56: KRW | BT56: 1 | BU56: 187200 | BV56: 187200 | BW56: USD | BX56: 1473.06 | BY56: 0 | BZ56: 0 | CA56: USD | CB56: 1473.06 | CC56: 0 | CD56: 0 | CI56: AB | CL56: 20260126 | CN56: 완료 | CO56: 수리 | CU56: N | CX56: 20260225 | CZ56: N | DB56: NO | DC56: 999 | DD56: A | DE56: CT | DF56: INV.703681192 | DG56: 이성종 | DH56: N | DR56: 04099999 | DU56: 한이진 | DV56: 20260127 | DX56: 4064748940 | DY56: Y | EA56: 경기도 용인시 처인구 남사읍 당하로 114 | EB56: 0 | EC56: 한이진 | ED56: 202601260925 | EE56: 001 | EF56: 9031499000 | EG56: 703681192 | EH56: 5.3 | EI56: KG | EJ56: 1 | EK56: U | EL56: 2 | EM56: CT | EN56: 5.3 | EO56: OTHER OPTICAL INSTRUMENTS AND APPLIANCES | EP56: LASER INTERFEROMTR SYSTM RLE20-DX-XP-13 | EQ56: 16218.29 | ER56: 16218.29 | ES56: 23726919 | ET56: 16107 | EW56: N | EY56: GB | FB56: N | FE56: 001 | FF56: 01 | FH56: 1 | FI56: EA | FJ56: 16218.29 | FK56: 16218.29 | FL56: 0240-A6701B | FM56: Laser Interferomtr Systm RLE20-DX-XP-13 | GA56: =A56 -> 4388426300352X | GB56: =VLOOKUP(B56,수출코드!$C$2:$D$4,2,FALSE) -> Suwon | GC56: =VLOOKUP(L56,수출코드!$A$2:$B$6,2,FALSE) | GD56: =VLOOKUP(M56,수출코드!$E$2:$F$5,2,FALSE) -> 일반 | GE56: =DATE(LEFT(GI56,4),MID(GI56,5,2),MID(GI56,7,2))+TIME(MID(GI56,10,2),MID(GI56,12,2),"00") -> 45971.639 | GF56: =DATE(LEFT(ED56,4),MID(ED56,5,2),MID(ED56,7,2))+TIME(MID(ED56,9,2),MID(ED56,11,2),"00") -> 46048.392 | GI56: 20251110 152038
A57: 4388426300353X | B57: 021 | C57: D9 | D57: 26 | E57: 4388426300353X | G57: 2026 | H57: 300353 | I57: X | J57: 20260126 | K57: H | L57: A | M57: 11 | N57: A | O57: TT | P57: 관세법인 정상 경기지사 | Q57: AMAT | R57: 어플라이드머티어리얼즈코리아 | S57: 어플라이1931018 | T57: C | U57: AMAT | V57: 어플라이드머티어리얼즈코리아 | W57: 경기도 성남시 분당구 양현로 322 (코리아디자인센터빌딩5층) | X57: 박광선 | Y57: 어플라이1931018 | Z57: 3128114779 | AA57: 13496 | AB57: 0000 | AC57: 0001 | AD57: 미상 | AG57: 제조미상9999000 | AH57: 01 | AI57: 7701031012021 | AK57: ILAPPLIE0036D | AL57: APPLIED MATERIALS ISRAEL LTD | AM57: 1 | AN57: 13496 | AP57: IL | AQ57: ISRAEL | AR57: ICN | AS57: 인천공항 | AT57: 40 | AU57: ETC | AV57: 20260126 | AW57: 17118 | AX57: 캔달스퀘어 남사로지스틱스파크 | AZ57: 703681197 | BB57: Y | BD57: DHL/DP03/320268 | BE57: 2026-01-26 09:00:23 | BG57: 001 | BH57: 2 | BI57: KG | BJ57: 1 | BK57: 1473.06 | BL57: 7920147 | BM57: 5377 | BN57: DAP | BO57: USD | BP57: 1473.06 | BQ57: 5409.52 | BR57: O | BS57: KRW | BT57: 1 | BU57: 48400 | BV57: 48400 | BW57: USD | BX57: 1473.06 | BY57: 0 | BZ57: 0 | CA57: USD | CB57: 1473.06 | CC57: 0 | CD57: 0 | CI57: AB | CL57: 20260126 | CN57: 완료 | CO57: 수리 | CU57: N | CX57: 20260225 | CZ57: N | DB57: NO | DC57: 999 | DD57: A | DE57: CT | DF57: INV.703681197 | DG57: 이성종 | DH57: N | DR57: 04099999 | DU57: 한이진 | DV57: 20260126 | DX57: 9799322363 | DY57: Y | EA57: 경기도 용인시 처인구 남사읍 당하로 114 | EB57: 0 | EC57: 한이진 | ED57: 202601260925 | EE57: 001 | EF57: 8538909000 | EG57: 703681197 | EH57: 1.155 | EI57: KG | EJ57: 0 | EL57: 1 | EM57: CT | EN57: 1.155 | EO57: PARTS SUITABLE FOR USE OF HEADING 85.35, 85.36 OR | EP57: CRIO DUAL IMAGE BOARD ASSY | EQ57: 5409.52 | ER57: 5409.52 | ES57: 7920147 | ET57: 5377 | EW57: N | EY57: IL | FB57: N | FE57: 001 | FF57: 01 | FH57: 1 | FI57: EA | FJ57: 5409.52 | FK57: 5409.52 | FL57: 0100-A2971B | FM57: CRIO DUAL IMAGE BOARD ASSY | GA57: =A57 -> 4388426300353X | GB57: =VLOOKUP(B57,수출코드!$C$2:$D$4,2,FALSE) -> Suwon | GC57: =VLOOKUP(L57,수출코드!$A$2:$B$6,2,FALSE) | GD57: =VLOOKUP(M57,수출코드!$E$2:$F$5,2,FALSE) -> 일반 | GE57: =DATE(LEFT(GI57,4),MID(GI57,5,2),MID(GI57,7,2))+TIME(MID(GI57,10,2),MID(GI57,12,2),"00") -> 45971.639 | GF57: =DATE(LEFT(ED57,4),MID(ED57,5,2),MID(ED57,7,2))+TIME(MID(ED57,9,2),MID(ED57,11,2),"00") -> 46048.392 | GI57: 20251110 152038
A58: 4388426300354X | B58: 021 | C58: D9 | D58: 26 | E58: 4388426300354X | G58: 2026 | H58: 300354 | I58: X | J58: 20260126 | K58: H | L58: A | M58: 11 | N58: A | O58: TT | P58: 관세법인 정상 경기지사 | Q58: AMAT | R58: 어플라이드머티어리얼즈코리아 | S58: 어플라이1931018 | T58: C | U58: AMAT | V58: 어플라이드머티어리얼즈코리아 | W58: 경기도 성남시 분당구 양현로 322 (코리아디자인센터빌딩5층) | X58: 박광선 | Y58: 어플라이1931018 | Z58: 3128114779 | AA58: 13496 | AB58: 0000 | AC58: 0001 | AD58: 미상 | AG58: 제조미상9999000 | AH58: 01 | AI58: 7701031012021 | AK58: USAPPLIE0288X | AL58: APPLIED MATERIALS INC | AM58: 1 | AN58: 13496 | AP58: US | AQ58: U.S.A | AR58: ICN | AS58: 인천공항 | AT58: 40 | AU58: ETC | AV58: 20260126 | AW58: 17118 | AX58: 캔달스퀘어 남사로지스틱스파크 | AZ58: 703681198 | BB58: Y | BD58: DHL/DP01/320268 | BE58: 2026-01-26 10:22:14 | BG58: 001 | BH58: 4 | BI58: KG | BJ58: 1 | BK58: 1473.06 | BL58: 5075082 | BM58: 3445 | BN58: DAP | BO58: USD | BP58: 1473.06 | BQ58: 3495.84 | BR58: O | BS58: KRW | BT58: 1 | BU58: 74500 | BV58: 74500 | BW58: USD | BX58: 1473.06 | BY58: 0 | BZ58: 0 | CA58: USD | CB58: 1473.06 | CC58: 0 | CD58: 0 | CI58: AB | CL58: 20260126 | CN58: 완료 | CO58: 수리 | CU58: N | CX58: 20260225 | CZ58: N | DB58: NO | DC58: 999 | DD58: A | DE58: CT | DF58: INV.703681198 | DG58: 이성종 | DH58: N | DR58: 04099999 | DU58: 한이진 | DV58: 20260126 | DX58: 4064750675 | DY58: Y | EA58: 경기도 용인시 처인구 남사읍 당하로 114 | EB58: 0 | EC58: 한이진 | ED58: 202601261028 | EE58: 001 | EF58: 9032899090 | EG58: 703681198 | EH58: 2 | EI58: KG | EJ58: 1 | EK58: U | EL58: 1 | EM58: CT | EN58: 2 | EO58: OTHER AUTOMATIC REGULATING OR CONTROLLING INSTRUME | EP58: W' CTRL,PRESSURE,W/ MASS FLOW METER | EQ58: 3495.84 | ER58: 3495.84 | ES58: 5075082 | ET58: 3445 | EW58: N | EY58: MX | FB58: N | FE58: 001 | FF58: 01 | FH58: 1 | FI58: EA | FJ58: 3495.84 | FK58: 3495.84 | FL58: E23000357B | FM58: W' CTRL,PRESSURE,W/ MASS FLOW METER | GA58: =A58 -> 4388426300354X | GB58: =VLOOKUP(B58,수출코드!$C$2:$D$4,2,FALSE) -> Suwon | GC58: =VLOOKUP(L58,수출코드!$A$2:$B$6,2,FALSE) | GD58: =VLOOKUP(M58,수출코드!$E$2:$F$5,2,FALSE) -> 일반 | GE58: =DATE(LEFT(GI58,4),MID(GI58,5,2),MID(GI58,7,2))+TIME(MID(GI58,10,2),MID(GI58,12,2),"00") -> 45971.639 | GF58: =DATE(LEFT(ED58,4),MID(ED58,5,2),MID(ED58,7,2))+TIME(MID(ED58,9,2),MID(ED58,11,2),"00") -> 46048.436 | GI58: 20251110 152038
A59: 4388426300355X | B59: 021 | C59: D9 | D59: 26 | E59: 4388426300355X | G59: 2026 | H59: 300355 | I59: X | J59: 20260126 | K59: H | L59: A | M59: 11 | N59: A | O59: TT | P59: 관세법인 정상 경기지사 | Q59: AMAT | R59: 어플라이드머티어리얼즈코리아 | S59: 어플라이1931018 | T59: C | U59: AMAT | V59: 어플라이드머티어리얼즈코리아 | W59: 경기도 성남시 분당구 양현로 322 (코리아디자인센터빌딩5층) | X59: 박광선 | Y59: 어플라이1931018 | Z59: 3128114779 | AA59: 13496 | AB59: 0000 | AC59: 0001 | AD59: 미상 | AG59: 제조미상9999000 | AH59: 01 | AI59: 7701031012021 | AK59: DEAPPLIE0017M | AL59: APPLIED MATERIALS EUROPE BV | AM59: 1 | AN59: 13496 | AP59: DE | AQ59: GERMANY | AR59: ICN | AS59: 인천공항 | AT59: 40 | AU59: ETC | AV59: 20260126 | AW59: 17118 | AX59: 캔달스퀘어 남사로지스틱스파크 | AZ59: 703682647 | BB59: Y | BD59: DHL/DP01/7057 | BE59: 2026-01-26 09:01:43 | BG59: 001 | BH59: 1 | BI59: KG | BJ59: 1 | BK59: 1473.06 | BL59: 45693 | BM59: 31 | BN59: DAP | BO59: USD | BP59: 1473.06 | BQ59: 56.68 | BR59: O | BS59: KRW | BT59: 1 | BU59: 37800 | BV59: 37800 | BW59: USD | BX59: 1473.06 | BY59: 0 | BZ59: 0 | CA59: USD | CB59: 1473.06 | CC59: 0 | CD59: 0 | CI59: AB | CL59: 20260126 | CN59: 완료 | CO59: 수리 | CU59: N | CX59: 20260225 | CZ59: N | DB59: NO | DC59: 999 | DD59: A | DE59: CT | DF59: INV.703682647 | DG59: 이성종 | DH59: N | DR59: 04099999 | DU59: 한이진 | DV59: 20260127 | DX59: 2893869311 | DY59: Y | EA59: 경기도 용인시 처인구 남사읍 당하로 114 | EB59: 0 | EC59: 한이진 | ED59: 202601260925 | EE59: 001 | EF59: 7318240000 | EG59: 703682647 | EH59: 0.002 | EI59: KG | EJ59: 0 | EL59: 1 | EM59: CT | EN59: 0.002 | EO59: COTTERS AND COTTER-PINS | EP59: RTNR RING, EXT, SHAFT DIA 5MM, PK 10 | EQ59: 56.68 | ER59: 56.68 | ES59: 45693 | ET59: 31 | EW59: N | EY59: US | FB59: N | FE59: 001 | FF59: 01 | FH59: 1 | FI59: PK | FJ59: 28.34 | FK59: 28.34 | FL59: 3630-00604 | FM59: RTNR RING, EXT, SHAFT DIA 5MM, PK 10 | GA59: =A59 -> 4388426300355X | GB59: =VLOOKUP(B59,수출코드!$C$2:$D$4,2,FALSE) -> Suwon | GC59: =VLOOKUP(L59,수출코드!$A$2:$B$6,2,FALSE) | GD59: =VLOOKUP(M59,수출코드!$E$2:$F$5,2,FALSE) -> 일반 | GE59: =DATE(LEFT(GI59,4),MID(GI59,5,2),MID(GI59,7,2))+TIME(MID(GI59,10,2),MID(GI59,12,2),"00") -> 45971.683 | GF59: =DATE(LEFT(ED59,4),MID(ED59,5,2),MID(ED59,7,2))+TIME(MID(ED59,9,2),MID(ED59,11,2),"00") -> 46048.392 | GI59: 20251110 162450
A60: 4388426300356X | B60: 021 | C60: D9 | D60: 26 | E60: 4388426300356X | G60: 2026 | H60: 300356 | I60: X | J60: 20260126 | K60: H | L60: A | M60: 11 | N60: A | O60: TT | P60: 관세법인 정상 경기지사 | Q60: AMAT | R60: 어플라이드머티어리얼즈코리아 | S60: 어플라이1931018 | T60: C | U60: AMAT | V60: 어플라이드머티어리얼즈코리아 | W60: 경기도 성남시 분당구 양현로 322 (코리아디자인센터빌딩5층) | X60: 박광선 | Y60: 어플라이1931018 | Z60: 3128114779 | AA60: 13496 | AB60: 0000 | AC60: 0001 | AD60: 미상 | AG60: 제조미상9999000 | AH60: 01 | AI60: 7701031012021 | AK60: USAPPLIE0252M | AL60: APPLIED MATERIALS INC | AM60: 1 | AN60: 13496 | AP60: US | AQ60: U.S.A | AR60: ICN | AS60: 인천공항 | AT60: 40 | AU60: ETC | AV60: 20260126 | AW60: 17118 | AX60: 캔달스퀘어 남사로지스틱스파크 | AZ60: 703682649 | BB60: Y | BD60: DHL/DP01/7057 | BE60: 2026-01-26 09:01:43 | BG60: 001 | BH60: 1 | BI60: KG | BJ60: 1 | BK60: 1473.06 | BL60: 474484 | BM60: 322 | BN60: DAP | BO60: USD | BP60: 1473.06 | BQ60: 344.85 | BR60: O | BS60: KRW | BT60: 1 | BU60: 33500 | BV60: 33500 | BW60: USD | BX60: 1473.06 | BY60: 0 | BZ60: 0 | CA60: USD | CB60: 1473.06 | CC60: 0 | CD60: 0 | CI60: AB | CL60: 20260126 | CN60: 완료 | CO60: 수리 | CU60: N | CX60: 20260225 | CZ60: N | DB60: NO | DC60: 999 | DD60: A | DE60: CT | DF60: INV.703682649 | DG60: 이성종 | DH60: N | DR60: 04099999 | DU60: 한이진 | DV60: 20260127 | DX60: 9578376426 | DY60: Y | EA60: 경기도 용인시 처인구 남사읍 당하로 114 | EB60: 0 | EC60: 한이진 | ED60: 202601260925 | EE60: 001 | EF60: 3926901000 | EG60: 703682649 | EH60: 0.038 | EI60: KG | EJ60: 0 | EL60: 1 | EM60: CT | EN60: 0.038 | EO60: PARTS FOR MECHANICAL APPLIANCES | EP60: O-RING | EQ60: 344.85 | ER60: 344.85 | ES60: 474484 | ET60: 322 | EW60: N | EY60: US | FB60: N | FE60: 001 | FF60: 01 | FH60: 1 | FI60: EA | FJ60: 344.85 | FK60: 344.85 | FL60: 3700-00989 | FM60: O-RING | GA60: =A60 -> 4388426300356X | GB60: =VLOOKUP(B60,수출코드!$C$2:$D$4,2,FALSE) -> Suwon | GC60: =VLOOKUP(L60,수출코드!$A$2:$B$6,2,FALSE) | GD60: =VLOOKUP(M60,수출코드!$E$2:$F$5,2,FALSE) -> 일반 | GE60: =DATE(LEFT(GI60,4),MID(GI60,5,2),MID(GI60,7,2))+TIME(MID(GI60,10,2),MID(GI60,12,2),"00") -> 45971.684 | GF60: =DATE(LEFT(ED60,4),MID(ED60,5,2),MID(ED60,7,2))+TIME(MID(ED60,9,2),MID(ED60,11,2),"00") -> 46048.392 | GI60: 20251110 162500
A61: 4388426300357X | B61: 021 | C61: D9 | D61: 26 | E61: 4388426300357X | G61: 2026 | H61: 300357 | I61: X | J61: 20260126 | K61: H | L61: A | M61: 83 | N61: A | O61: GN | P61: 관세법인 정상 경기지사 | Q61: AMAT | R61: 어플라이드머티어리얼즈코리아 | S61: 어플라이1931018 | T61: C | U61: AMAT | V61: 어플라이드머티어리얼즈코리아 | W61: 경기도 성남시 분당구 양현로 322 (코리아디자인센터빌딩5층) | X61: 박광선 | Y61: 어플라이1931018 | Z61: 3128114779 | AA61: 13496 | AB61: 0000 | AC61: 0001 | AD61: 미상 | AG61: 제조미상9999000 | AH61: 01 | AI61: 7701031012021 | AK61: USAPPLIE0288X | AL61: APPLIED MATERIALS INC | AM61: 1 | AN61: 13496 | AP61: US | AQ61: U.S.A | AR61: ICN | AS61: 인천공항 | AT61: 40 | AU61: ETC | AV61: 20260126 | AW61: 17118 | AX61: 캔달스퀘어 남사로지스틱스파크 | AZ61: 703684659 | BB61: Y | BD61: DHL/DP04/320025 | BE61: 2026-01-26 10:40:09 | BG61: 001 | BH61: 2 | BI61: KG | BJ61: 1 | BK61: 1473.06 | BL61: 3194174 | BM61: 2168 | BN61: DAP | BO61: USD | BP61: 1473.06 | BQ61: 2200.64 | BR61: O | BS61: KRW | BT61: 1 | BU61: 47500 | BV61: 47500 | BW61: USD | BX61: 1473.06 | BY61: 0 | BZ61: 0 | CA61: USD | CB61: 1473.06 | CC61: 0 | CD61: 0 | CI61: AB | CL61: 20260126 | CN61: 완료 | CO61: 수리 | CU61: N | CX61: 20260225 | CZ61: O | DB61: NO | DC61: 999 | DD61: A | DE61: CT | DF61: INV.703684659 | DG61: 이성종 | DH61: N | DR61: 04099999 | DU61: 한이진 | DV61: 20260126 | DX61: 9897215646 | DY61: Y | EA61: 경기도 용인시 처인구 남사읍 당하로 114 | EB61: 0 | EC61: 한이진 | ED61: 202601261042 | EE61: 001 | EF61: 9025192090 | EG61: 703684659 | EH61: 1 | EI61: KG | EJ61: 1 | EK61: U | EL61: 1 | EM61: CT | EN61: 1 | EO61: USED OTHER PYROMETERS | EP61: ASSEMBLY PMAX PYROMETER RTP-REPAIR | EQ61: 2200.64 | ER61: 2200.64 | ES61: 3194174 | ET61: 2168 | EW61: N | EY61: US | FB61: N | FE61: 001 | FF61: 01 | FH61: 1 | FI61: EA | FJ61: 2200.64 | FK61: 2200.64 | FL61: 0010-23716R | FM61: ASSEMBLY PMAX PYROMETER RTP-REPAIR | FT61: S/N.1083507 | GA61: =A61 -> 4388426300357X | GB61: =VLOOKUP(B61,수출코드!$C$2:$D$4,2,FALSE) -> Suwon | GC61: =VLOOKUP(L61,수출코드!$A$2:$B$6,2,FALSE) | GD61: =VLOOKUP(M61,수출코드!$E$2:$F$5,2,FALSE) -> 재수입 | GE61: =DATE(LEFT(GI61,4),MID(GI61,5,2),MID(GI61,7,2))+TIME(MID(GI61,10,2),MID(GI61,12,2),"00") -> 45971.684 | GF61: =DATE(LEFT(ED61,4),MID(ED61,5,2),MID(ED61,7,2))+TIME(MID(ED61,9,2),MID(ED61,11,2),"00") -> 46048.446 | GI61: 20251110 162500
A62: 4388426300358X | B62: 021 | C62: D9 | D62: 26 | E62: 4388426300358X | G62: 2026 | H62: 300358 | I62: X | J62: 20260126 | K62: H | L62: A | M62: 11 | N62: A | O62: TT | P62: 관세법인 정상 경기지사 | Q62: AMAT | R62: 어플라이드머티어리얼즈코리아 | S62: 어플라이1931018 | T62: C | U62: AMAT | V62: 어플라이드머티어리얼즈코리아 | W62: 경기도 성남시 분당구 양현로 322 (코리아디자인센터빌딩5층) | X62: 박광선 | Y62: 어플라이1931018 | Z62: 3128114779 | AA62: 13496 | AB62: 0000 | AC62: 0001 | AD62: 미상 | AG62: 제조미상9999000 | AH62: 01 | AI62: 7701031012021 | AK62: USAPPLIE0288X | AL62: APPLIED MATERIALS INC | AM62: 1 | AN62: 13496 | AP62: US | AQ62: U.S.A | AR62: ICN | AS62: 인천공항 | AT62: 40 | AU62: ETC | AV62: 20260126 | AW62: 17118 | AX62: 캔달스퀘어 남사로지스틱스파크 | AZ62: 703684755 | BB62: Y | BD62: DGF/DP04/7057 | BE62: 2026-01-26 13:32:48 | BG62: 002 | BH62: 65 | BI62: KG | BJ62: 1 | BK62: 1473.06 | BL62: 157536514 | BM62: 106945 | BN62: DAP | BO62: USD | BP62: 1473.06 | BQ62: 107556.05 | BR62: O | BS62: KRW | BT62: 1 | BU62: 900000 | BV62: 900000 | BW62: USD | BX62: 1473.06 | BY62: 0 | BZ62: 0 | CA62: USD | CB62: 1473.06 | CC62: 0 | CD62: 0 | CI62: AB | CL62: 20260126 | CN62: 완료 | CO62: 수리 | CU62: N | CX62: 20260225 | CZ62: N | DB62: NO | DC62: 999 | DD62: A | DE62: CT | DF62: INV.703684755 | DG62: 이성종 | DH62: N | DR62: 04099999 | DU62: 한이진 | DV62: 20260128 | DX62: I242119 | DY62: Y | EA62: 경기도 용인시 처인구 남사읍 당하로 114 | EB62: 0 | EC62: 한이진 | ED62: 202601261337 | EE62: 001 | EF62: 9032899090 | EG62: 703684755 | EH62: 1.4 | EI62: KG | EJ62: 1 | EK62: U | EL62: 1 | EM62: CT | EN62: 1.4 | EO62: OTHER AUTOMATIC REGULATING OR CONTROLLING INSTRUME | EP62: PRESSURE CONTROLLER, W/MASSFLOW METER, | EQ62: 2576 | ER62: 2576 | ES62: 3773047 | ET62: 2561 | EW62: N | EY62: MX | FB62: N | FE62: 001 | FF62: 01 | FH62: 1 | FI62: EA | FJ62: 2576 | FK62: 2576 | FL62: 0190-86128W | FM62: PRESSURE CONTROLLER, W/MASSFLOW METER, | GA62: =A62 -> 4388426300358X | GB62: =VLOOKUP(B62,수출코드!$C$2:$D$4,2,FALSE) -> Suwon | GC62: =VLOOKUP(L62,수출코드!$A$2:$B$6,2,FALSE) | GD62: =VLOOKUP(M62,수출코드!$E$2:$F$5,2,FALSE) -> 일반 | GE62: =DATE(LEFT(GI62,4),MID(GI62,5,2),MID(GI62,7,2))+TIME(MID(GI62,10,2),MID(GI62,12,2),"00") -> 45971.684 | GF62: =DATE(LEFT(ED62,4),MID(ED62,5,2),MID(ED62,7,2))+TIME(MID(ED62,9,2),MID(ED62,11,2),"00") -> 46048.567 | GI62: 20251110 162505
A63: 4388426300359X | B63: 021 | C63: D9 | D63: 26 | E63: 4388426300359X | G63: 2026 | H63: 300359 | I63: X | J63: 20260126 | K63: H | L63: A | M63: 11 | N63: A | O63: TT | P63: 관세법인 정상 경기지사 | Q63: AMAT | R63: 어플라이드머티어리얼즈코리아 | S63: 어플라이1931018 | T63: C | U63: AMAT | V63: 어플라이드머티어리얼즈코리아 | W63: 경기도 성남시 분당구 양현로 322 (코리아디자인센터빌딩5층) | X63: 박광선 | Y63: 어플라이1931018 | Z63: 3128114779 | AA63: 13496 | AB63: 0000 | AC63: 0001 | AD63: 미상 | AG63: 제조미상9999000 | AH63: 01 | AI63: 7701031012021 | AK63: CNAPPLIE0110S | AL63: APPLIED MATERIALS SOUTH EAST ASIA PTELTD | AM63: 1 | AN63: 13496 | AP63: CN | AQ63: PRC | AR63: ICN | AS63: 인천공항 | AT63: 40 | AU63: ETC | AV63: 20260126 | AW63: 17118 | AX63: 캔달스퀘어 남사로지스틱스파크 | AZ63: 703685259 | BB63: Y | BD63: DHL/DP04/7057 | BE63: 2026-01-26 16:35:16 | BG63: 002 | BH63: 10 | BI63: KG | BJ63: 1 | BK63: 1473.06 | BL63: 5770187 | BM63: 3917 | BN63: DAP | BO63: USD | BP63: 1473.06 | BQ63: 3964.8 | BR63: O | BS63: KRW | BT63: 1 | BU63: 70200 | BV63: 70200 | BW63: USD | BX63: 1473.06 | BY63: 0 | BZ63: 0 | CA63: USD | CB63: 1473.06 | CC63: 0 | CD63: 0 | CI63: AB | CL63: 20260126 | CN63: 완료 | CO63: 수리 | CU63: N | CX63: 20260225 | CZ63: N | DB63: NO | DC63: 999 | DD63: A | DE63: CT | DF63: INV.703685259 | DG63: 이성종 | DH63: N | DR63: 04099999 | DU63: 한이진 | DV63: 20260127 | DX63: 9246042805 | DY63: Y | EA63: 경기도 용인시 처인구 남사읍 당하로 114 | EB63: 0 | EC63: 한이진 | ED63: 202601261639 | EE63: 001 | EF63: 8419899020 | EG63: 703685259 | EH63: 6 | EI63: KG | EJ63: 1 | EK63: U | EL63: 1 | EM63: CT | EN63: 6 | EO63: COOLING PLANT AND MACHINERY | EP63: KIT CONTROLLER, CRYO, OBIS, HALF RACK | EQ63: 3446.38 | ER63: 3446.38 | ES63: 5015703 | ET63: 3405 | EW63: N | EY63: MX | FB63: N | FE63: 001 | FF63: 01 | FH63: 1 | FI63: EA | FJ63: 3446.38 | FK63: 3446.38 | FL63: E11745900 | FM63: KIT CONTROLLER, CRYO, OBIS, HALF RACK | GA63: =A63 -> 4388426300359X | GB63: =VLOOKUP(B63,수출코드!$C$2:$D$4,2,FALSE) -> Suwon | GC63: =VLOOKUP(L63,수출코드!$A$2:$B$6,2,FALSE) | GD63: =VLOOKUP(M63,수출코드!$E$2:$F$5,2,FALSE) -> 일반 | GE63: =DATE(LEFT(GI63,4),MID(GI63,5,2),MID(GI63,7,2))+TIME(MID(GI63,10,2),MID(GI63,12,2),"00") -> 45971.684 | GF63: =DATE(LEFT(ED63,4),MID(ED63,5,2),MID(ED63,7,2))+TIME(MID(ED63,9,2),MID(ED63,11,2),"00") -> 46048.694 | GI63: 20251110 162505
A64: 4388426300360X | B64: 021 | C64: D9 | D64: 26 | E64: 4388426300360X | G64: 2026 | H64: 300360 | I64: X | J64: 20260127 | K64: H | L64: A | M64: 11 | N64: A | O64: TT | P64: 관세법인 정상 경기지사 | Q64: AMAT | R64: 어플라이드머티어리얼즈코리아 | S64: 어플라이1931018 | T64: C | U64: AMAT | V64: 어플라이드머티어리얼즈코리아 | W64: 경기도 성남시 분당구 양현로 322 (코리아디자인센터빌딩5층) | X64: 박광선 | Y64: 어플라이1931018 | Z64: 3128114779 | AA64: 13496 | AB64: 0000 | AC64: 0001 | AD64: 미상 | AG64: 제조미상9999000 | AH64: 01 | AI64: 7701031012021 | AK64: TWAPPLIE0089F | AL64: APPLIED MATERIALS SOUTH EAST AISA PTEPTD TAIWAN BRANCH SINGA | AM64: 1 | AN64: 13496 | AP64: TW | AQ64: TAIWAN | AR64: ICN | AS64: 인천공항 | AT64: 40 | AU64: ETC | AV64: 20260127 | AW64: 17118 | AX64: 캔달스퀘어 남사로지스틱스파크 | AZ64: 703686154 | BB64: Y | BD64: DGF/DP01/7057 | BE64: 2026-01-27 08:55:17 | BG64: 001 | BH64: 2 | BI64: KG | BJ64: 1 | BK64: 1473.06 | BL64: 5414698 | BM64: 3676 | BN64: DAP | BO64: USD | BP64: 1473.06 | BQ64: 3693.06 | BR64: O | BS64: KRW | BT64: 1 | BU64: 25400 | BV64: 25400 | BW64: USD | BX64: 1473.06 | BY64: 0 | BZ64: 0 | CA64: USD | CB64: 1473.06 | CC64: 0 | CD64: 0 | CI64: AB | CL64: 20260127 | CN64: 완료 | CO64: 수리 | CU64: N | CX64: 20260226 | CZ64: N | DB64: NO | DC64: 999 | DD64: A | DE64: CT | DF64: INV.703686154 | DG64: 이성종 | DH64: N | DR64: 04099999 | DU64: 한이진 | DV64: 20260128 | DX64: I251445 | DY64: Y | EA64: 경기도 용인시 처인구 남사읍 당하로 114 | EB64: 0 | EC64: 한이진 | ED64: 202601270909 | EE64: 001 | EF64: 6909110000 | EG64: 703686154 | EH64: 1 | EI64: KG | EJ64: 0 | EL64: 1 | EM64: CT | EN64: 1 | EO64: CERAMIC WARES FOR LABORATORY OF PORCELAIN OR CHINA | EP64: NOZZLE INSERT, AL2O3, THICKFLANGE, TERS | EQ64: 3693.06 | ER64: 3693.06 | ES64: 5414698 | ET64: 3676 | EW64: N | EY64: US | FB64: N | FE64: 001 | FF64: 01 | FH64: 1 | FI64: EA | FJ64: 3693.06 | FK64: 3693.06 | FL64: 0200-24111 | FM64: NOZZLE INSERT, AL2O3, THICK FLANGE, TERS | GA64: =A64 -> 4388426300360X | GB64: =VLOOKUP(B64,수출코드!$C$2:$D$4,2,FALSE) -> Suwon | GC64: =VLOOKUP(L64,수출코드!$A$2:$B$6,2,FALSE) | GD64: =VLOOKUP(M64,수출코드!$E$2:$F$5,2,FALSE) -> 일반 | GE64: =DATE(LEFT(GI64,4),MID(GI64,5,2),MID(GI64,7,2))+TIME(MID(GI64,10,2),MID(GI64,12,2),"00") -> 45971.684 | GF64: =DATE(LEFT(ED64,4),MID(ED64,5,2),MID(ED64,7,2))+TIME(MID(ED64,9,2),MID(ED64,11,2),"00") -> 46049.381 | GI64: 20251110 162505
A65: 4388426300361X | B65: 021 | C65: D9 | D65: 26 | E65: 4388426300361X | G65: 2026 | H65: 300361 | I65: X | J65: 20260127 | K65: H | L65: A | M65: 11 | N65: A | O65: TT | P65: 관세법인 정상 경기지사 | Q65: AMAT | R65: 어플라이드머티어리얼즈코리아 | S65: 어플라이1931018 | T65: C | U65: AMAT | V65: 어플라이드머티어리얼즈코리아 | W65: 경기도 성남시 분당구 양현로 322 (코리아디자인센터빌딩5층) | X65: 박광선 | Y65: 어플라이1931018 | Z65: 3128114779 | AA65: 13496 | AB65: 0000 | AC65: 0001 | AD65: 미상 | AG65: 제조미상9999000 | AH65: 01 | AI65: 7701031012021 | AK65: TWAPPLIE0089F | AL65: APPLIED MATERIALS SOUTH EAST AISA PTEPTD TAIWAN BRANCH SINGA | AM65: 1 | AN65: 13496 | AP65: TW | AQ65: TAIWAN | AR65: ICN | AS65: 인천공항 | AT65: 40 | AU65: ETC | AV65: 20260127 | AW65: 17118 | AX65: 캔달스퀘어 남사로지스틱스파크 | AZ65: 703686155 | BB65: Y | BD65: DGF/DP01/7057 | BE65: 2026-01-27 08:55:17 | BG65: 001 | BH65: 1 | BI65: KG | BJ65: 1 | BK65: 1473.06 | BL65: 198618 | BM65: 135 | BN65: DAP | BO65: USD | BP65: 1473.06 | BQ65: 149.09 | BR65: O | BS65: KRW | BT65: 1 | BU65: 21000 | BV65: 21000 | BW65: USD | BX65: 1473.06 | BY65: 0 | BZ65: 0 | CA65: USD | CB65: 1473.06 | CC65: 0 | CD65: 0 | CI65: AB | CL65: 20260127 | CN65: 완료 | CO65: 수리 | CU65: N | CX65: 20260226 | CZ65: N | DB65: NO | DC65: 999 | DD65: A | DE65: CT | DF65: INV.703686155 | DG65: 이성종 | DH65: N | DR65: 04099999 | DU65: 한이진 | DV65: 20260128 | DX65: I251448 | DY65: Y | EA65: 경기도 용인시 처인구 남사읍 당하로 114 | EB65: 0 | EC65: 한이진 | ED65: 202601270909 | EE65: 001 | EF65: 8543709090 | EG65: 703686155 | EH65: 0.021 | EI65: KG | EJ65: 1 | EK65: U | EL65: 1 | EM65: CT | EN65: 0.021 | EO65: OTHER ELECTRICAL MACHINES AND APPARATUS | EP65: SENSOR ASSY PAD CONDITIONER UP CMP REFLE | EQ65: 149.09 | ER65: 149.09 | ES65: 198618 | ET65: 135 | EW65: N | EY65: US | FB65: N | FE65: 001 | FF65: 01 | FH65: 1 | FI65: EA | FJ65: 149.09 | FK65: 149.09 | FL65: 0090-08451 | FM65: SENSOR ASSY PAD CONDITIONER UP CMP REFLE | GA65: =A65 -> 4388426300361X | GB65: =VLOOKUP(B65,수출코드!$C$2:$D$4,2,FALSE) -> Suwon | GC65: =VLOOKUP(L65,수출코드!$A$2:$B$6,2,FALSE) | GD65: =VLOOKUP(M65,수출코드!$E$2:$F$5,2,FALSE) -> 일반 | GE65: =DATE(LEFT(GI65,4),MID(GI65,5,2),MID(GI65,7,2))+TIME(MID(GI65,10,2),MID(GI65,12,2),"00") -> 45971.684 | GF65: =DATE(LEFT(ED65,4),MID(ED65,5,2),MID(ED65,7,2))+TIME(MID(ED65,9,2),MID(ED65,11,2),"00") -> 46049.381 | GI65: 20251110 162505
A66: 4388426300362X | B66: 021 | C66: D9 | D66: 26 | E66: 4388426300362X | G66: 2026 | H66: 300362 | I66: X | J66: 20260127 | K66: H | L66: A | M66: 11 | N66: A | O66: TT | P66: 관세법인 정상 경기지사 | Q66: AMAT | R66: 어플라이드머티어리얼즈코리아 | S66: 어플라이1931018 | T66: C | U66: AMAT | V66: 어플라이드머티어리얼즈코리아 | W66: 경기도 성남시 분당구 양현로 322 (코리아디자인센터빌딩5층) | X66: 박광선 | Y66: 어플라이1931018 | Z66: 3128114779 | AA66: 13496 | AB66: 0000 | AC66: 0001 | AD66: 미상 | AG66: 제조미상9999000 | AH66: 01 | AI66: 7701031012021 | AK66: DEAPPLIE0017M | AL66: APPLIED MATERIALS EUROPE BV | AM66: 1 | AN66: 13496 | AP66: DE | AQ66: GERMANY | AR66: ICN | AS66: 인천공항 | AT66: 40 | AU66: ETC | AV66: 20260127 | AW66: 17118 | AX66: 캔달스퀘어 남사로지스틱스파크 | AZ66: 703686190 | BB66: Y | BD66: DHL/DP01/7057 | BE66: 2026-01-27 10:03:56 | BG66: 001 | BH66: 0.2 | BI66: KG | BJ66: 1 | BK66: 1473.06 | BL66: 193161 | BM66: 131 | BN66: DAP | BO66: USD | BP66: 1473.06 | BQ66: 156.79 | BR66: O | BS66: KRW | BT66: 1 | BU66: 37800 | BV66: 37800 | BW66: USD | BX66: 1473.06 | BY66: 0 | BZ66: 0 | CA66: USD | CB66: 1473.06 | CC66: 0 | CD66: 0 | CI66: AB | CL66: 20260127 | CN66: 완료 | CO66: 수리 | CU66: N | CX66: 20260226 | CZ66: N | DB66: NO | DC66: 999 | DD66: A | DE66: CT | DF66: INV.703686190_x000D_ 43884-26-300363X 동시포장 | DG66: 이성종 | DH66: N | DR66: 04099999 | DU66: 한이진 | DV66: 20260128 | DX66: 7123627431 | DY66: Y | EA66: 경기도 용인시 처인구 남사읍 당하로 114 | EB66: 0 | EC66: 한이진 | ED66: 202601271012 | EE66: 001 | EF66: 8486902090 | EG66: 703686190 | EH66: 0.01 | EI66: KG | EJ66: 0 | EL66: 1 | EM66: CT | EN66: 0.01 | EO66: PARTS OF MACHINES FOR MAKING SEMICONDUCTOR DEVICES | EP66: RETAINER BEARING, SMALL, BASEASSY PAD C | EQ66: 156.79 | ER66: 156.79 | ES66: 193161 | ET66: 131 | EW66: N | EY66: US | FB66: N | FE66: 001 | FF66: 01 | FH66: 1 | FI66: EA | FJ66: 156.79 | FK66: 156.79 | FL66: 0021-25673 | FM66: RETAINER BEARING, SMALL, BASEASSY PAD C | GA66: =A66 -> 4388426300362X | GB66: =VLOOKUP(B66,수출코드!$C$2:$D$4,2,FALSE) -> Suwon | GC66: =VLOOKUP(L66,수출코드!$A$2:$B$6,2,FALSE) | GD66: =VLOOKUP(M66,수출코드!$E$2:$F$5,2,FALSE) -> 일반 | GE66: =DATE(LEFT(GI66,4),MID(GI66,5,2),MID(GI66,7,2))+TIME(MID(GI66,10,2),MID(GI66,12,2),"00") -> 45971.717 | GF66: =DATE(LEFT(ED66,4),MID(ED66,5,2),MID(ED66,7,2))+TIME(MID(ED66,9,2),MID(ED66,11,2),"00") -> 46049.425 | GI66: 20251110 171214
A67: 4388426300363X | B67: 021 | C67: D9 | D67: 26 | E67: 4388426300363X | G67: 2026 | H67: 300363 | I67: X | J67: 20260127 | K67: O | L67: P | M67: 72 | N67: A | O67: TT | P67: 관세법인 정상 경기지사 | Q67: AMAT | R67: 어플라이드머티어리얼즈코리아 | S67: 어플라이1931018 | T67: C | U67: AMAT | V67: 어플라이드머티어리얼즈코리아 | W67: 경기도 성남시 분당구 양현로 322 (코리아디자인센터빌딩5층) | X67: 박광선 | Y67: 어플라이1931018 | Z67: 3128114779 | AA67: 13496 | AB67: 0000 | AC67: 0001 | AD67: 미상 | AG67: 제조미상9999000 | AH67: 01 | AI67: 7701031012021 | AK67: DEAPPLIE0017M | AL67: APPLIED MATERIALS EUROPE BV | AM67: 1 | AN67: 13496 | AP67: DE | AQ67: GERMANY | AR67: ICN | AS67: 인천공항 | AT67: 40 | AU67: ETC | AV67: 20260127 | AW67: 17118 | AX67: 캔달스퀘어 남사로지스틱스파크 | AZ67: 703686190 | BB67: Y | BD67: DHL/DP01/7057 | BE67: 2026-01-27 10:03:56 | BG67: 001 | BH67: 0.8 | BI67: KG | BJ67: 1 | BK67: 1473.06 | BL67: 3993965 | BM67: 2711 | BN67: DAP | BO67: USD | BP67: 1473.06 | BQ67: 2737 | BR67: O | BS67: KRW | BT67: 1 | BU67: 37800 | BV67: 37800 | BW67: USD | BX67: 1473.06 | BY67: 0 | BZ67: 0 | CA67: USD | CB67: 1473.06 | CC67: 0 | CD67: 0 | CI67: AB | CL67: 20260127 | CN67: 완료 | CO67: 수리 | CU67: N | CX67: 20260226 | CZ67: N | DB67: NO | DC67: 999 | DD67: A | DE67: CT | DF67: INV.703686190_x000D_ 43884-26-300362X 동시포장_x000D_ 4388426700089M-011-01 1EA 원상태 수출 | DG67: 이성종 | DH67: N | DR67: 04099999 | DU67: 한이진 | DV67: 20260128 | DX67: 7123627431 | DY67: Y | DZ67: 서류 | EA67: 경기도 용인시 처인구 남사읍 당하로 114 | EB67: 0 | EC67: 한이진 | ED67: 202601271133 | EE67: 001 | EF67: 8544422090 | EG67: 703686190 | EH67: 0.55 | EI67: KG | EJ67: 0 | EL67: 1 | EM67: CT | EN67: 0.55 | EO67: FITTED WITH CONNECTORS PLASTIC INSULATED WIRE | EP67: CABLE ASSY EXTRACTOR B/O_H20/G20 | EQ67: 2737 | ER67: 2737 | ES67: 3993965 | ET67: 2711 | EU67: 4388426700089M | EV67: 011 | EW67: N | EY67: IL | FB67: N | FE67: 001 | FF67: 01 | FH67: 1 | FI67: EA | FJ67: 2737 | FK67: 2737 | FL67: 0150-P3091 | FM67: CABLE ASSY EXTRACTOR B/O_H20/G20 | GA67: =A67 -> 4388426300363X | GB67: =VLOOKUP(B67,수출코드!$C$2:$D$4,2,FALSE) -> Suwon | GC67: =VLOOKUP(L67,수출코드!$A$2:$B$6,2,FALSE) -> 서류제출 | GD67: =VLOOKUP(M67,수출코드!$E$2:$F$5,2,FALSE) -> 원상태 | GE67: =DATE(LEFT(GI67,4),MID(GI67,5,2),MID(GI67,7,2))+TIME(MID(GI67,10,2),MID(GI67,12,2),"00") -> 45972.375 | GF67: =DATE(LEFT(ED67,4),MID(ED67,5,2),MID(ED67,7,2))+TIME(MID(ED67,9,2),MID(ED67,11,2),"00") -> 46049.481 | GI67: 20251111 090001
A68: 4388426300364X | B68: 021 | C68: D9 | D68: 26 | E68: 4388426300364X | G68: 2026 | H68: 300364 | I68: X | J68: 20260127 | K68: H | L68: A | M68: 11 | N68: A | O68: TT | P68: 관세법인 정상 경기지사 | Q68: AMAT | R68: 어플라이드머티어리얼즈코리아 | S68: 어플라이1931018 | T68: C | U68: AMAT | V68: 어플라이드머티어리얼즈코리아 | W68: 경기도 성남시 분당구 양현로 322 (코리아디자인센터빌딩5층) | X68: 박광선 | Y68: 어플라이1931018 | Z68: 3128114779 | AA68: 13496 | AB68: 0000 | AC68: 0001 | AD68: 미상 | AG68: 제조미상9999000 | AH68: 01 | AI68: 7701031012021 | AK68: USAPPLIE0252M | AL68: APPLIED MATERIALS INC | AM68: 1 | AN68: 13496 | AP68: US | AQ68: U.S.A | AR68: ICN | AS68: 인천공항 | AT68: 40 | AU68: ETC | AV68: 20260127 | AW68: 17118 | AX68: 캔달스퀘어 남사로지스틱스파크 | AZ68: 703686191 | BB68: Y | BD68: DHL/DP01/7057 | BE68: 2026-01-27 10:03:56 | BG68: 001 | BH68: 10 | BI68: KG | BJ68: 1 | BK68: 1473.06 | BL68: 6906704 | BM68: 4689 | BN68: DAP | BO68: USD | BP68: 1473.06 | BQ68: 4794.58 | BR68: O | BS68: KRW | BT68: 1 | BU68: 156000 | BV68: 156000 | BW68: USD | BX68: 1473.06 | BY68: 0 | BZ68: 0 | CA68: USD | CB68: 1473.06 | CC68: 0 | CD68: 0 | CI68: AB | CL68: 20260127 | CN68: 완료 | CO68: 수리 | CU68: N | CX68: 20260226 | CZ68: N | DB68: NO | DC68: 999 | DD68: A | DE68: CT | DF68: INV.703686191 | DG68: 이성종 | DH68: N | DR68: 04099999 | DU68: 한이진 | DV68: 20260127 | DX68: 5112187905 | DY68: Y | EA68: 경기도 용인시 처인구 남사읍 당하로 114 | EB68: 0 | EC68: 한이진 | ED68: 202601271016 | EE68: 001 | EF68: 8486902040 | EG68: 703686191 | EH68: 7 | EI68: KG | EJ68: 0 | EL68: 1 | EM68: CT | EN68: 7 | EO68: PARTS OF MACHINES FOR COATING,DEPOSITING OR ETCHIN | EP68: ASSY SIDE-2, RF FILTER, HT EPOXY RCPT, P | EQ68: 4794.58 | ER68: 4794.58 | ES68: 6906704 | ET68: 4689 | EW68: N | EY68: MX | FB68: N | FE68: 001 | FF68: 01 | FH68: 1 | FI68: EA | FJ68: 4794.58 | FK68: 4794.58 | FL68: 0090-09551 | FM68: ASSY SIDE-2, RF FILTER, HT EPOXY RCPT, P | GA68: =A68 -> 4388426300364X | GB68: =VLOOKUP(B68,수출코드!$C$2:$D$4,2,FALSE) -> Suwon | GC68: =VLOOKUP(L68,수출코드!$A$2:$B$6,2,FALSE) | GD68: =VLOOKUP(M68,수출코드!$E$2:$F$5,2,FALSE) -> 일반 | GE68: =DATE(LEFT(GI68,4),MID(GI68,5,2),MID(GI68,7,2))+TIME(MID(GI68,10,2),MID(GI68,12,2),"00") -> 45972.375 | GF68: =DATE(LEFT(ED68,4),MID(ED68,5,2),MID(ED68,7,2))+TIME(MID(ED68,9,2),MID(ED68,11,2),"00") -> 46049.428 | GI68: 20251111 090001
A69: 4388426300365X | B69: 021 | C69: D9 | D69: 26 | E69: 4388426300365X | G69: 2026 | H69: 300365 | I69: X | J69: 20260127 | K69: H | L69: A | M69: 11 | N69: A | O69: TT | P69: 관세법인 정상 경기지사 | Q69: AMAT | R69: 어플라이드머티어리얼즈코리아 | S69: 어플라이1931018 | T69: C | U69: AMAT | V69: 어플라이드머티어리얼즈코리아 | W69: 경기도 성남시 분당구 양현로 322 (코리아디자인센터빌딩5층) | X69: 박광선 | Y69: 어플라이1931018 | Z69: 3128114779 | AA69: 13496 | AB69: 0000 | AC69: 0001 | AD69: 미상 | AG69: 제조미상9999000 | AH69: 01 | AI69: 7701031012021 | AK69: CNAPPLIE0103S | AL69: APPLIED MATERIALS SOUTHEAST ASIA PT | AM69: 1 | AN69: 13496 | AP69: CN | AQ69: PRC | AR69: ICN | AS69: 인천공항 | AT69: 40 | AU69: ETC | AV69: 20260127 | AW69: 17118 | AX69: 캔달스퀘어 남사로지스틱스파크 | AZ69: 703686192 | BB69: Y | BD69: DHL/DP01/7057 | BE69: 2026-01-27 10:03:56 | BG69: 001 | BH69: 1 | BI69: KG | BJ69: 1 | BK69: 1473.06 | BL69: 714204 | BM69: 485 | BN69: DAP | BO69: USD | BP69: 1473.06 | BQ69: 499.1 | BR69: O | BS69: KRW | BT69: 1 | BU69: 21000 | BV69: 21000 | BW69: USD | BX69: 1473.06 | BY69: 0 | BZ69: 0 | CA69: USD | CB69: 1473.06 | CC69: 0 | CD69: 0 | CI69: AB | CL69: 20260127 | CN69: 완료 | CO69: 수리 | CU69: N | CX69: 20260226 | CZ69: N | DB69: NO | DC69: 999 | DD69: A | DE69: CT | DF69: INV.703686192 | DG69: 이성종 | DH69: N | DR69: 04099999 | DU69: 한이진 | DV69: 20260127 | DX69: 7123628094 | DY69: Y | EA69: 경기도 용인시 처인구 남사읍 당하로 114 | EB69: 0 | EC69: 한이진 | ED69: 202601271016 | EE69: 001 | EF69: 8534009000 | EG69: 703686192 | EH69: 0.04 | EI69: KG | EJ69: 0 | EL69: 1 | EM69: CT | EN69: 0.04 | EO69: OTHER PRINTED CIRCUITS | EP69: CONNECTOR PCB, ADO-S7 | EQ69: 499.1 | ER69: 499.1 | ES69: 714204 | ET69: 485 | EW69: N | EY69: JP | FB69: N | FE69: 001 | FF69: 01 | FH69: 1 | FI69: EA | FJ69: 249.55 | FK69: 249.55 | FL69: 0190-41257 | FM69: CONNECTOR PCB, ADO-S7 | GA69: =A69 -> 4388426300365X | GB69: =VLOOKUP(B69,수출코드!$C$2:$D$4,2,FALSE) -> Suwon | GC69: =VLOOKUP(L69,수출코드!$A$2:$B$6,2,FALSE) | GD69: =VLOOKUP(M69,수출코드!$E$2:$F$5,2,FALSE) -> 일반 | GE69: =DATE(LEFT(GI69,4),MID(GI69,5,2),MID(GI69,7,2))+TIME(MID(GI69,10,2),MID(GI69,12,2),"00") -> 45972.375 | GF69: =DATE(LEFT(ED69,4),MID(ED69,5,2),MID(ED69,7,2))+TIME(MID(ED69,9,2),MID(ED69,11,2),"00") -> 46049.428 | GI69: 20251111 090001
A70: 4388426300366X | B70: 021 | C70: D9 | D70: 26 | E70: 4388426300366X | G70: 2026 | H70: 300366 | I70: X | J70: 20260127 | K70: H | L70: A | M70: 11 | N70: A | O70: TT | P70: 관세법인 정상 경기지사 | Q70: AMAT | R70: 어플라이드머티어리얼즈코리아 | S70: 어플라이1931018 | T70: C | U70: AMAT | V70: 어플라이드머티어리얼즈코리아 | W70: 경기도 성남시 분당구 양현로 322 (코리아디자인센터빌딩5층) | X70: 박광선 | Y70: 어플라이1931018 | Z70: 3128114779 | AA70: 13496 | AB70: 0000 | AC70: 0001 | AD70: 미상 | AG70: 제조미상9999000 | AH70: 01 | AI70: 7701031012021 | AK70: CNAPPLIE0081D | AL70: APPLIED MATERIALS CHINA INC | AM70: 1 | AN70: 13496 | AP70: CN | AQ70: PRC | AR70: ICN | AS70: 인천공항 | AT70: 40 | AU70: ETC | AV70: 20260127 | AW70: 17118 | AX70: 캔달스퀘어 남사로지스틱스파크 | AZ70: 703686194 | BB70: Y | BD70: DHL/DP01/7057 | BE70: 2026-01-27 10:03:56 | BG70: 001 | BH70: 1 | BI70: KG | BJ70: 1 | BK70: 1473.06 | BL70: 4129346 | BM70: 2803 | BN70: DAP | BO70: USD | BP70: 1473.06 | BQ70: 2817.5 | BR70: O | BS70: KRW | BT70: 1 | BU70: 21000 | BV70: 21000 | BW70: USD | BX70: 1473.06 | BY70: 0 | BZ70: 0 | CA70: USD | CB70: 1473.06 | CC70: 0 | CD70: 0 | CI70: AB | CL70: 20260127 | CN70: 완료 | CO70: 수리 | CU70: N | CX70: 20260226 | CZ70: N | DB70: NO | DC70: 999 | DD70: A | DE70: CT | DF70: INV.703686194 | DG70: 이성종 | DH70: N | DR70: 04099999 | DU70: 한이진 | DV70: 20260127 | DX70: 5112188502 | DY70: Y | EA70: 경기도 용인시 처인구 남사읍 당하로 114 | EB70: 0 | EC70: 한이진 | ED70: 202601271021 | EE70: 001 | EF70: 8486902040 | EG70: 703686194 | EH70: 0.4 | EI70: KG | EJ70: 0 | EL70: 1 | EM70: CT | EN70: 0.4 | EO70: PARTS OF MACHINES FOR COATING,DEPOSITING OR ETCHIN | EP70: PLUG, RF POWER, RF SOURCE, 300MM | EQ70: 2817.5 | ER70: 2817.5 | ES70: 4129346 | ET70: 2803 | EW70: N | EY70: US | FB70: N | FE70: 001 | FF70: 01 | FH70: 1 | FI70: EA | FJ70: 2817.5 | FK70: 2817.5 | FL70: 0021-32859 | FM70: PLUG, RF POWER, RF SOURCE, 300MM | GA70: =A70 -> 4388426300366X | GB70: =VLOOKUP(B70,수출코드!$C$2:$D$4,2,FALSE) -> Suwon | GC70: =VLOOKUP(L70,수출코드!$A$2:$B$6,2,FALSE) | GD70: =VLOOKUP(M70,수출코드!$E$2:$F$5,2,FALSE) -> 일반 | GE70: =DATE(LEFT(GI70,4),MID(GI70,5,2),MID(GI70,7,2))+TIME(MID(GI70,10,2),MID(GI70,12,2),"00") -> 45972.398 | GF70: =DATE(LEFT(ED70,4),MID(ED70,5,2),MID(ED70,7,2))+TIME(MID(ED70,9,2),MID(ED70,11,2),"00") -> 46049.431 | GI70: 20251111 093334
A71: 4388426300367X | B71: 021 | C71: D9 | D71: 26 | E71: 4388426300367X | G71: 2026 | H71: 300367 | I71: X | J71: 20260127 | K71: H | L71: A | M71: 11 | N71: A | O71: TT | P71: 관세법인 정상 경기지사 | Q71: AMAT | R71: 어플라이드머티어리얼즈코리아 | S71: 어플라이1931018 | T71: C | U71: AMAT | V71: 어플라이드머티어리얼즈코리아 | W71: 경기도 성남시 분당구 양현로 322 (코리아디자인센터빌딩5층) | X71: 박광선 | Y71: 어플라이1931018 | Z71: 3128114779 | AA71: 13496 | AB71: 0000 | AC71: 0001 | AD71: 미상 | AG71: 제조미상9999000 | AH71: 01 | AI71: 7701031012021 | AK71: CNAPPLIE0065F | AL71: APPLIED MATERIALS SOUTHEAST ASIA PTE LTD | AM71: 1 | AN71: 13496 | AP71: CN | AQ71: PRC | AR71: ICN | AS71: 인천공항 | AT71: 40 | AU71: ETC | AV71: 20260127 | AW71: 17118 | AX71: 캔달스퀘어 남사로지스틱스파크 | AZ71: 703686195 | BB71: Y | BD71: DHL/DP01/7057 | BE71: 2026-01-27 10:03:56 | BG71: 002 | BH71: 9 | BI71: KG | BJ71: 1 | BK71: 1473.06 | BL71: 8574251 | BM71: 5821 | BN71: DAP | BO71: USD | BP71: 1473.06 | BQ71: 5865.92 | BR71: O | BS71: KRW | BT71: 1 | BU71: 66600 | BV71: 66600 | BW71: USD | BX71: 1473.06 | BY71: 0 | BZ71: 0 | CA71: USD | CB71: 1473.06 | CC71: 0 | CD71: 0 | CI71: AB | CL71: 20260127 | CN71: 완료 | CO71: 수리 | CU71: N | CX71: 20260226 | CZ71: N | DB71: NO | DC71: 999 | DD71: A | DE71: CT | DF71: INV.703686195 | DG71: 이성종 | DH71: N | DR71: 04099999 | DU71: 한이진 | DV71: 20260127 | DX71: 7123628621 | DY71: Y | EA71: 경기도 용인시 처인구 남사읍 당하로 114 | EB71: 0 | EC71: 한이진 | ED71: 202601271022 | EE71: 001 | EF71: 9032200000 | EG71: 703686195 | EH71: 5.1 | EI71: KG | EJ71: 1 | EK71: U | EL71: 1 | EM71: CT | EN71: 5.1 | EO71: MANOSTATS | EP71: VALVE EXHAUST THROTTLE NW80 W/KALREZ ORI | EQ71: 3297.97 | ER71: 3297.97 | ES71: 4820663 | ET71: 3273 | EW71: N | EY71: US | FB71: N | FE71: 001 | FF71: 01 | FH71: 1 | FI71: EA | FJ71: 3297.97 | FK71: 3297.97 | FL71: 0190-52397W | FM71: VALVE EXHAUST THROTTLE NW80 W/KALREZ ORI | GA71: =A71 -> 4388426300367X | GB71: =VLOOKUP(B71,수출코드!$C$2:$D$4,2,FALSE) -> Suwon | GC71: =VLOOKUP(L71,수출코드!$A$2:$B$6,2,FALSE) | GD71: =VLOOKUP(M71,수출코드!$E$2:$F$5,2,FALSE) -> 일반 | GE71: =DATE(LEFT(GI71,4),MID(GI71,5,2),MID(GI71,7,2))+TIME(MID(GI71,10,2),MID(GI71,12,2),"00") -> 45972.398 | GF71: =DATE(LEFT(ED71,4),MID(ED71,5,2),MID(ED71,7,2))+TIME(MID(ED71,9,2),MID(ED71,11,2),"00") -> 46049.432 | GI71: 20251111 093334
